step,type,amount,nameOrig,oldbalanceOrg,newbalanceOrig,nameDest,oldbalanceDest,newbalanceDest,isFraud,isFlaggedFraud
1,TRANSFER,181,C1305486145,181,0,C553264065,0,0,1,0
1,CASH_OUT,181,C840083671,181,0,C38997010,21182,0,1,0
1,TRANSFER,2806,C1420196421,2806,0,C972765878,0,0,1,0
1,CASH_OUT,2806,C2101527076,2806,0,C1007251739,26202,0,1,0
1,TRANSFER,20128,C137533655,20128,0,C1848415041,0,0,1,0
1,CASH_OUT,20128,C1118430673,20128,0,C339924917,6268,12145.85,1,0
1,CASH_OUT,416001.33,C749981943,0,0,C667346055,102,9291619.62,1,0
1,TRANSFER,1277212.77,C1334405552,1277212.77,0,C431687661,0,0,1,0
1,CASH_OUT,1277212.77,C467632528,1277212.77,0,C716083600,0,2444985.19,1,0
1,TRANSFER,35063.63,C1364127192,35063.63,0,C1136419747,0,0,1,0
1,CASH_OUT,35063.63,C1635772897,35063.63,0,C1983025922,31140,7550.03,1,0
1,TRANSFER,25071.46,C669700766,25071.46,0,C1384210339,0,0,1,0
1,CASH_OUT,25071.46,C1275464847,25071.46,0,C1364913072,9083.76,34155.22,1,0
1,CASH_OUT,132842.64,C13692003,4499.08,0,C297927961,0,132842.64,1,0
1,TRANSFER,235238.66,C1872047468,235238.66,0,C116289363,0,0,1,0
1,CASH_OUT,235238.66,C1499825229,235238.66,0,C2100440237,0,235238.66,1,0
2,TRANSFER,1096187.24,C1093223281,1096187.24,0,C2063275841,0,0,1,0
2,CASH_OUT,1096187.24,C77163673,1096187.24,0,C644345897,0,1096187.24,1,0
2,TRANSFER,963532.14,C1440057381,963532.14,0,C268086000,0,0,1,0
2,CASH_OUT,963532.14,C430329518,963532.14,0,C991505714,132382.57,1095914.71,1,0
2,TRANSFER,14949.84,C140702728,14949.84,0,C634210724,0,0,1,0
2,CASH_OUT,14949.84,C395257482,14949.84,0,C1032986144,18161.79,33111.63,1,0
2,TRANSFER,18627.02,C1375503918,18627.02,0,C234430897,0,0,1,0
2,CASH_OUT,18627.02,C175961135,18627.02,0,C1711105800,147251.58,165878.6,1,0
3,TRANSFER,10539.37,C1134864869,10539.37,0,C118648358,0,0,1,0
3,CASH_OUT,10539.37,C1984954272,10539.37,0,C124540047,0,10539.37,1,0
3,TRANSFER,22877,C1247938090,22877,0,C1002031672,0,0,1,0
3,CASH_OUT,22877,C2126545173,22877,0,C573200870,0,22877,1,0
4,TRANSFER,1.00E+07,C7162498,1.29E+07,2930418.44,C945327594,0,0,1,0
4,CASH_OUT,1.00E+07,C351297720,1.00E+07,0,C766681183,0,9941904.21,1,0
4,TRANSFER,2930418.44,C2047521920,2930418.44,0,C449261773,0,0,1,0
4,CASH_OUT,2930418.44,C2044690596,2930418.44,0,C932583850,3616012.1,6963508.84,1,0
4,TRANSFER,169941.73,C540962910,169941.73,0,C2127862399,0,0,1,0
4,CASH_OUT,169941.73,C2026325575,169941.73,0,C1394526584,0,169941.73,1,0
4,TRANSFER,13707.11,C17222024,13707.11,0,C410033330,0,0,1,0
4,CASH_OUT,13707.11,C556223230,13707.11,0,C2094777811,0,13707.11,1,0
4,TRANSFER,86070.17,C1844941220,86070.17,0,C1191544932,0,0,1,0
4,CASH_OUT,86070.17,C1699873763,86070.17,0,C560041895,0,86070.17,1,0
5,TRANSFER,120074.73,C1409933277,120074.73,0,C162114152,0,0,1,0
5,CASH_OUT,120074.73,C1174000532,120074.73,0,C410033330,0,120074.73,1,0
5,TRANSFER,60726.57,C383882703,60726.57,0,C1807010830,0,0,1,0
5,CASH_OUT,60726.57,C840095827,60726.57,0,C803116137,1.30E+07,1.31E+07,1,0
5,TRANSFER,10119.47,C1775746074,10119.47,0,C746009679,0,0,1,0
5,CASH_OUT,10119.47,C213063852,10119.47,0,C922511709,0,10119.47,1,0
6,TRANSFER,33332.86,C2025652936,33332.86,0,C1662235713,0,0,1,0
6,CASH_OUT,33332.86,C685428529,33332.86,0,C1626759869,31002,0,1,0
6,TRANSFER,25975.86,C864622150,25975.86,0,C41792607,0,0,1,0
6,CASH_OUT,25975.86,C1004271827,25975.86,0,C451934410,98152,28041.27,1,0
6,TRANSFER,26768.5,C457596841,26768.5,0,C1956477953,0,0,1,0
6,CASH_OUT,26768.5,C682812632,26768.5,0,C256417920,101976,128744.5,1,0
6,TRANSFER,30521.02,C903383636,30521.02,0,C904300960,0,0,1,0
6,CASH_OUT,30521.02,C1813769162,30521.02,0,C1249547869,0,30521.02,1,0
6,TRANSFER,216422,C666642000,216422,0,C1315078366,0,0,1,0
6,CASH_OUT,216422,C1547714604,216422,0,C7881234,10097,48630.5,1,0
6,TRANSFER,17320.91,C788790720,17320.91,0,C1589547066,0,0,1,0
6,CASH_OUT,17320.91,C436661284,17320.91,0,C522173599,6244.44,0,1,0
6,TRANSFER,17246,C1034673425,17246,0,C1379589736,0,101717.84,1,0
6,CASH_OUT,17246,C1484518113,17246,0,C978609035,0,17246,1,0
6,TRANSFER,10565,C777407608,10565,0,C1790657739,0,0,1,0
6,CASH_OUT,10565,C1191732945,10565,0,C418964192,36275,24380.72,1,0
6,TRANSFER,10224,C365589282,10224,0,C908043384,0,0,1,0
6,CASH_OUT,10224,C1284098442,10224,0,C801412408,0,10224,1,0
6,TRANSFER,85354.69,C558400671,85354.69,0,C527482085,0,0,1,0
6,CASH_OUT,85354.69,C158801009,85354.69,0,C382431057,11170,10612.55,1,0
6,TRANSFER,13704,C1735554279,13704,0,C12793273,0,1658746.09,1,0
6,CASH_OUT,13704,C1421965867,13704,0,C1438594533,3382.84,143675.35,1,0
7,TRANSFER,262434.54,C2101686389,262434.54,0,C612008977,0,0,1,0
7,CASH_OUT,262434.54,C383717053,262434.54,0,C380242442,19525.79,438233.86,1,0
7,TRANSFER,21729,C1686905633,21729,0,C824421402,0,0,1,0
7,CASH_OUT,21729,C693427358,21729,0,C1101441872,27335,0,1,0
7,TRANSFER,5460002.91,C666654362,5460002.91,0,C1726301214,0,0,1,0
7,CASH_OUT,5460002.91,C1588880909,5460002.91,0,C1570256460,0,9281535.44,1,0
7,TRANSFER,164,C1455969984,164,0,C2119910556,0,0,1,0
7,CASH_OUT,164,C1173659886,164,0,C1769947269,4068,0,1,0
7,TRANSFER,21571,C786114805,21571,0,C1666314150,0,0,1,0
7,CASH_OUT,21571,C452475723,21571,0,C2089016471,30797.41,71140.3,1,0
7,TRANSFER,441445.58,C1023505879,441445.58,0,C847761155,0,0,1,0
7,CASH_OUT,441445.58,C398085606,441445.58,0,C2072030256,98993.5,0,1,0
8,CASH_OUT,181728.11,C2102265902,0,0,C789014007,11397,184477.77,1,0
8,TRANSFER,222,C1961506277,222,0,C378841819,0,267095.19,1,0
8,CASH_OUT,222,C1737727444,222,0,C588779235,24708,171647.35,1,0
8,TRANSFER,1996.17,C1198040187,1996.17,0,C1828047633,0,0,1,0
8,CASH_OUT,1996.17,C858959216,1996.17,0,C864078397,2559.74,4555.92,1,0
8,TRANSFER,1078013.76,C1026280121,0,0,C277510102,0,970749.68,1,0
8,TRANSFER,89631.24,C74534388,89631.24,0,C1748042844,0,0,1,0
8,CASH_OUT,89631.24,C1938531779,89631.24,0,C2048578791,21175,0,1,0
8,TRANSFER,29707.86,C1825456600,29707.86,0,C570409417,0,0,1,0
8,CASH_OUT,29707.86,C515973302,29707.86,0,C170071280,10935,0,1,0
8,TRANSFER,43092,C1683174795,43092,0,C427998326,0,0,1,0
8,CASH_OUT,43092,C1395071924,43092,0,C79685693,660641.74,1158662.9,1,0
9,TRANSFER,556218.01,C1769581889,556218.01,0,C217441120,0,0,1,0
9,CASH_OUT,556218.01,C589143360,556218.01,0,C1992550266,0,582265.81,1,0
9,TRANSFER,11308,C299933576,11308,0,C1060999444,0,0,1,0
9,CASH_OUT,11308,C921533797,11308,0,C424669538,0,302550.56,1,0
9,TRANSFER,350705.74,C1452168793,350705.74,0,C399194578,0,1184633.07,1,0
9,CASH_OUT,350705.74,C58527359,350705.74,0,C582901057,894760.68,1794033.65,1,0
9,TRANSFER,2539898.07,C394488466,2539898.07,0,C575638324,0,261290.69,1,0
9,CASH_OUT,2539898.07,C728718059,2539898.07,0,C1013511446,968,1842864.22,1,0
9,TRANSFER,361559.69,C1287719145,361559.69,0,C352239275,0,141302.12,1,0
9,CASH_OUT,361559.69,C684758020,361559.69,0,C1769042905,504667.31,189441.24,1,0
9,TRANSFER,1154353.99,C670587931,1154353.99,0,C150406565,0,10872.9,1,0
9,CASH_OUT,1154353.99,C1034219836,1154353.99,0,C1195589213,162222,1965587.6,1,0
9,TRANSFER,21922,C102617052,21922,0,C760675871,0,0,1,0
9,CASH_OUT,21922,C1499032143,21922,0,C1508330669,1929861.61,2046918.8,1,0
9,TRANSFER,994453.2,C1121789613,1437370.87,442917.67,C254839817,194812.76,665743.67,1,0
9,TRANSFER,1055,C666486325,1055,0,C279565067,0,0,1,0
9,CASH_OUT,1055,C1764109750,1055,0,C1522743169,75179,0,1,0
9,TRANSFER,244068.01,C1087133093,244068.01,0,C1855553543,0,0,1,0
9,CASH_OUT,244068.01,C507466068,244068.01,0,C706331499,0,338538.16,1,0
10,TRANSFER,59835,C1568400442,59835,0,C1262169546,0,0,1,0
10,CASH_OUT,59835,C1020461364,59835,0,C2144015041,255480.76,315315.76,1,0
10,CASH_OUT,277970.88,C489647033,0,0,C571514738,0,277970.88,1,0
10,TRANSFER,93810.76,C481501970,93810.76,0,C1262577882,0,0,1,0
10,CASH_OUT,93810.76,C1190429229,93810.76,0,C2104652067,4096048.05,4189858.81,1,0
10,TRANSFER,503405.88,C1446009472,503405.88,0,C2010733400,0,0,1,0
10,CASH_OUT,503405.88,C140359285,503405.88,0,C2020337583,29669,533074.88,1,0
10,TRANSFER,2662734.59,C1182702586,2662734.59,0,C2143409210,0,0,1,0
10,CASH_OUT,2662734.59,C813115168,2662734.59,0,C401825929,14165.62,2930405.33,1,0
10,TRANSFER,9217.19,C184586799,9217.19,0,C812377986,0,96795.6,1,0
10,CASH_OUT,9217.19,C1105700111,9217.19,0,C1767952032,0,9217.19,1,0
11,TRANSFER,2100,C785601242,2100,0,C1576053316,0,0,1,0
11,CASH_OUT,2100,C169099320,2100,0,C697156329,112512.48,114612.48,1,0
11,TRANSFER,1933920.8,C1706582969,0,0,C461905695,1283762.85,3217683.65,1,0
11,TRANSFER,313418.28,C711446907,313418.28,0,C888769567,0,97980.88,1,0
11,CASH_OUT,313418.28,C2021456831,313418.28,0,C157591472,688164.64,1029922.17,1,0
11,TRANSFER,12461,C2079232448,12461,0,C585834595,0,0,1,0
11,CASH_OUT,12461,C938980312,12461,0,C621014131,27964.11,40425.11,1,0
12,TRANSFER,19472,C1101705841,19472,0,C925285469,0,0,1,0
12,CASH_OUT,19472,C1205151454,19472,0,C664770316,0,19472,1,0
12,TRANSFER,3964129.99,C576568419,3964129.99,0,C1571546632,0,0,1,0
12,CASH_OUT,3964129.99,C1098250442,3964129.99,0,C1140712423,1912955.54,5811064.07,1,0
12,TRANSFER,1041647.06,C345293642,1041647.06,0,C937194908,0,0,1,0
12,CASH_OUT,1041647.06,C169939918,1041647.06,0,C1673501963,52730.33,1094377.39,1,0
12,TRANSFER,2066467.64,C1223631235,2066467.64,0,C1281019843,0,81209.81,1,0
12,CASH_OUT,2066467.64,C684252268,2066467.64,0,C2027569559,194510.24,3098566.67,1,0
12,CASH_OUT,149668.66,C227115333,0,0,C460735540,44170.11,193838.76,1,0
12,TRANSFER,2007,C439464764,2007,0,C562360384,0,0,1,0
12,CASH_OUT,2007,C1331829443,2007,0,C127509847,129917.8,250910.76,1,0
12,CASH_OUT,222048.71,C265790428,0,0,C1700442291,2979,225027.71,1,0
12,TRANSFER,8677,C288028999,8677,0,C184294001,0,0,1,0
12,CASH_OUT,8677,C343345083,8677,0,C200064275,225127.62,233804.62,1,0
13,TRANSFER,408,C2021466585,408,0,C1864486913,0,226013.18,1,0
13,CASH_OUT,408,C1894004688,408,0,C1293978242,898297.85,1075854.14,1,0
13,TRANSFER,48375.02,C920803432,48375.02,0,C1767389067,0,0,1,0
13,CASH_OUT,48375.02,C1894578299,48375.02,0,C590035788,374803.26,658520.33,1,0
13,TRANSFER,4022667.54,C735463888,4022667.54,0,C1548348754,0,0,1,0
13,CASH_OUT,4022667.54,C79951219,4022667.54,0,C1499489682,80136.56,4057191.21,1,0
13,CASH_OUT,454859.39,C1274887619,0,0,C2146670328,0,454859.39,1,0
13,TRANSFER,1161495.82,C1864459372,1161495.82,0,C537531657,0,0,1,0
13,CASH_OUT,1161495.82,C165094398,1161495.82,0,C1966002811,319036.02,1565123.81,1,0
13,TRANSFER,2686564.04,C364029634,2686564.04,0,C2041291172,0,0,1,0
13,CASH_OUT,2686564.04,C901331326,2686564.04,0,C1662761228,438199.37,3124763.41,1,0
13,TRANSFER,6188514.81,C135832352,6188514.81,0,C2009346140,0,0,1,0
13,CASH_OUT,6188514.81,C686187434,6188514.81,0,C1562904239,381607.21,6424681.56,1,0
13,TRANSFER,123194.95,C2143112877,79466.45,0,C1755380031,535933.16,263908.84,1,0
14,TRANSFER,2093951.47,C1374377088,2093951.47,0,C207611232,0,0,1,0
14,CASH_OUT,2093951.47,C1440901488,2093951.47,0,C166839225,0,2093951.47,1,0
14,TRANSFER,143032,C1960144830,143032,0,C801162238,0,0,1,0
14,CASH_OUT,143032,C465166521,143032,0,C487776685,814654.61,1020323.73,1,0
14,TRANSFER,2927005.15,C2081788795,2927005.15,0,C2138456206,0,0,1,0
14,CASH_OUT,2927005.15,C2010427735,2927005.15,0,C1887744176,0,2994420.07,1,0
14,TRANSFER,1832319.42,C439830884,1832319.42,0,C1133002328,0,0,1,0
14,CASH_OUT,1832319.42,C803703656,1832319.42,0,C858007309,43962.42,2440139.69,1,0
14,TRANSFER,1561891.66,C736093511,1561891.66,0,C1224081716,0,0,1,0
14,CASH_OUT,1561891.66,C15204463,1561891.66,0,C1255502452,3471928.95,6443177.56,1,0
14,TRANSFER,65488.05,C236875489,65488.05,0,C528705657,0,0,1,0
14,CASH_OUT,65488.05,C1137669976,65488.05,0,C1526507740,0,65488.05,1,0
15,TRANSFER,696763.08,C968403759,696763.08,0,C1524019269,0,69861.26,1,0
15,CASH_OUT,696763.08,C725915377,696763.08,0,C1656726101,366114.58,1347073.81,1,0
15,TRANSFER,119,C1995557473,119,0,C1480876722,0,0,1,0
15,CASH_OUT,119,C1584512618,119,0,C2102058838,4844060.13,4844179.13,1,0
15,TRANSFER,128473.62,C1012580160,128473.62,0,C540657255,0,0,1,0
15,CASH_OUT,128473.62,C905234452,128473.62,0,C786510892,0,128473.62,1,0
15,TRANSFER,248056.41,C1474711983,248056.41,0,C1009564356,0,0,1,0
15,CASH_OUT,248056.41,C1055229266,248056.41,0,C1689170857,0,201427.47,1,0
15,TRANSFER,164500.81,C1761347420,164500.81,0,C383804904,0,0,1,0
15,CASH_OUT,164500.81,C1689700172,164500.81,0,C149696600,685636.21,850137.02,1,0
15,TRANSFER,212089.74,C378910639,212089.74,0,C1881567873,0,0,1,0
15,CASH_OUT,212089.74,C1970843703,212089.74,0,C597280894,257758.48,469848.23,1,0
15,CASH_OUT,95428.32,C947728507,0,0,C1720721903,0,95428.32,1,0
15,CASH_OUT,39713.28,C1404885898,0,0,C1795377601,1274866.51,1314579.79,1,0
15,TRANSFER,170,C553034695,170,0,C26381896,0,0,1,0
15,CASH_OUT,170,C1065370362,170,0,C200064275,413421.36,345764.15,1,0
15,TRANSFER,747282.4,C1695793096,747282.4,0,C849010584,0,0,1,0
15,CASH_OUT,747282.4,C842684426,747282.4,0,C2025644484,5340917.82,6088200.22,1,0
15,TRANSFER,59385.67,C1275373422,59385.67,0,C1704707395,0,0,1,0
15,CASH_OUT,59385.67,C1765315298,59385.67,0,C721356209,74371,133756.67,1,0
16,TRANSFER,2198224.71,C752563135,2198224.71,0,C247007952,0,0,1,0
16,CASH_OUT,2198224.71,C705981026,2198224.71,0,C697783649,0,2198224.71,1,0
16,TRANSFER,828720.89,C1422357582,828720.89,0,C366986030,0,0,1,0
16,CASH_OUT,828720.89,C1002446735,828720.89,0,C185805228,9142622.59,1.02E+07,1,0
16,TRANSFER,2701905.3,C494334546,2701905.3,0,C428725863,0,0,1,0
16,CASH_OUT,2701905.3,C2140905252,2701905.3,0,C970796050,57418,2759323.3,1,0
16,TRANSFER,31074,C457962127,31074,0,C614104997,0,0,1,0
16,CASH_OUT,31074,C2073757635,31074,0,C1899325653,0,31074,1,0
16,TRANSFER,121626.82,C185016231,121626.82,0,C1409959,0,0,1,0
16,CASH_OUT,121626.82,C828364266,121626.82,0,C101179743,653744.34,775371.16,1,0
17,TRANSFER,1639676.27,C15998296,1639676.27,0,C1652158314,0,0,1,0
17,CASH_OUT,1639676.27,C967691562,1639676.27,0,C2093967426,448954.92,2198318.48,1,0
17,TRANSFER,305627,C1711670940,305627,0,C385061535,0,0,1,0
17,CASH_OUT,305627,C1600031018,305627,0,C1971951800,7699847.16,8005474.16,1,0
17,TRANSFER,195351.76,C1420261366,195351.76,0,C639808302,0,0,1,0
17,CASH_OUT,195351.76,C268542581,195351.76,0,C504693752,156408.25,265841,1,0
17,CASH_OUT,42062.82,C897869440,340830.43,298767.61,C616721459,398931.35,678419.64,1,0
18,TRANSFER,295664.18,C1726326177,295664.18,0,C1540448785,0,0,1,0
18,CASH_OUT,295664.18,C1446413189,295664.18,0,C185805228,1.02E+07,1.05E+07,1,0
18,TRANSFER,307739.18,C1066119351,307739.18,0,C702410034,0,0,1,0
18,CASH_OUT,307739.18,C281912643,307739.18,0,C1264205758,25326,838246.41,1,0
18,CASH_OUT,314251.58,C1462280812,75956.47,0,C90486891,7962205.25,8276456.84,1,0
18,TRANSFER,1102133.9,C590103740,1102133.9,0,C1610372134,0,746575.95,1,0
18,CASH_OUT,1102133.9,C1213142549,1102133.9,0,C1880832297,306228.56,1408362.45,1,0
18,TRANSFER,1144089.37,C1218322192,1144089.37,0,C1107369132,0,0,1,0
18,CASH_OUT,1144089.37,C1542410200,1144089.37,0,C183389809,2502877.26,3879210.29,1,0
18,TRANSFER,1974352.3,C745648946,1974352.3,0,C1091334879,0,0,1,0
18,CASH_OUT,1974352.3,C365968372,1974352.3,0,C579837876,15531.71,1989884.01,1,0
18,TRANSFER,11481,C370107492,11481,0,C1680789799,0,263492.28,1,0
18,CASH_OUT,11481,C779194867,11481,0,C1475456951,761417.61,1765080.5,1,0
18,CASH_OUT,508782.2,C576782065,0,0,C2090737806,1082007.65,1590789.85,1,0
18,TRANSFER,9131,C1592623877,9131,0,C87183368,0,0,1,0
18,CASH_OUT,9131,C895161073,9131,0,C1762082057,133084.02,142215.02,1,0
19,TRANSFER,143660.11,C1156611770,143660.11,0,C742977582,0,0,1,0
19,CASH_OUT,143660.11,C681501417,143660.11,0,C447183071,0,143660.11,1,0
19,TRANSFER,3477438.49,C767243506,3477438.49,0,C1532877354,0,0,1,0
19,CASH_OUT,3477438.49,C841995363,3477438.49,0,C1314676285,0,3477438.49,1,0
19,CASH_OUT,122101.57,C149845822,0,0,C1200316948,0,639940.2,1,0
19,TRANSFER,161939.36,C263177591,161939.36,0,C94435408,0,0,1,0
19,CASH_OUT,161939.36,C1993475473,161939.36,0,C1832323051,628935.02,851972.34,1,0
19,TRANSFER,1.00E+07,C416779475,1.19E+07,1861008.32,C380259496,0,0,1,0
19,CASH_OUT,1.00E+07,C2050703310,1.00E+07,0,C1622860679,504326.62,1.03E+07,1,0
19,TRANSFER,1861008.32,C1990303942,1861008.32,0,C1308678191,0,0,1,0
19,CASH_OUT,1861008.32,C1718961034,1861008.32,0,C714051433,0,1789942.62,1,0
20,TRANSFER,16614.82,C2080146129,16614.82,0,C748889213,0,0,1,0
20,CASH_OUT,16614.82,C530844914,16614.82,0,C1614121155,904409.29,921024.11,1,0
20,TRANSFER,448025.06,C1976637754,448025.06,0,C4020115,0,0,1,0
20,CASH_OUT,448025.06,C348303891,448025.06,0,C1432596631,71679.93,519704.99,1,0
21,TRANSFER,785323,C1204079316,785323,0,C637091706,0,0,1,0
21,CASH_OUT,785323,C1794798581,785323,0,C801984124,803839.25,1720783.92,1,0
21,TRANSFER,158299.34,C278180302,158299.34,0,C1551346623,0,0,1,0
21,CASH_OUT,158299.34,C179332971,158299.34,0,C631110333,36152.54,271369.74,1,0
21,CASH_OUT,23292.3,C1861214292,0,0,C1834461593,392364.62,415656.92,1,0
22,TRANSFER,346704.55,C1332180070,346704.55,0,C2027621451,0,0,1,0
22,CASH_OUT,346704.55,C54851371,346704.55,0,C943084296,513994.79,860699.34,1,0
22,TRANSFER,461509.86,C1765744035,461509.86,0,C788887602,0,0,1,0
22,CASH_OUT,461509.86,C2141057802,461509.86,0,C802885021,302583.81,764093.67,1,0
22,TRANSFER,37100.29,C362085592,37100.29,0,C1652057111,0,0,1,0
22,CASH_OUT,37100.29,C142707413,37100.29,0,C63948986,433212.41,470312.7,1,0
22,TRANSFER,235512.2,C480136801,235512.2,0,C160106315,0,0,1,0
22,CASH_OUT,235512.2,C1956707614,235512.2,0,C1481851679,8490637.21,9272647.09,1,0
22,TRANSFER,2068118.36,C1472367087,2068118.36,0,C52390890,0,0,1,0
22,CASH_OUT,2068118.36,C1672125863,2068118.36,0,C559485820,3054285.45,5122403.81,1,0
22,TRANSFER,74804.24,C1239771149,74804.24,0,C1699565892,0,0,1,0
22,CASH_OUT,74804.24,C1683055902,74804.24,0,C313857348,0,74804.24,1,0
22,TRANSFER,489767.32,C869780206,489767.32,0,C926230389,0,0,1,0
22,CASH_OUT,489767.32,C480109552,489767.32,0,C720599914,0,489767.32,1,0
22,TRANSFER,379878,C336424141,379878,0,C404961694,0,0,1,0
22,CASH_OUT,379878,C1495269307,379878,0,C475345362,1301414.19,1681292.19,1,0
22,CASH_OUT,89571.46,C1022920965,4505.6,0,C1460548505,1929428.01,2018999.47,1,0
22,TRANSFER,1258956.71,C1209224134,1258956.71,0,C314012937,0,0,1,0
22,CASH_OUT,1258956.71,C673988903,1258956.71,0,C833477645,4736010.72,5994967.43,1,0
22,TRANSFER,77773.14,C834571675,77773.14,0,C312865842,0,0,1,0
22,CASH_OUT,77773.14,C598573300,77773.14,0,C2060664104,1853403.61,1931176.75,1,0
22,TRANSFER,239646.72,C1977304181,239646.72,0,C1053513851,0,0,1,0
22,CASH_OUT,239646.72,C663158205,239646.72,0,C1104558647,2208970.26,2448616.98,1,0
23,TRANSFER,146127.1,C1866778945,146127.1,0,C225469649,0,0,1,0
23,CASH_OUT,146127.1,C785373587,146127.1,0,C1824914593,177874.39,324001.49,1,0
24,TRANSFER,291305.98,C71665357,291305.98,0,C1607901570,0,0,1,0
24,CASH_OUT,291305.98,C1962370851,291305.98,0,C1560190757,954554.82,1247963.68,1,0
24,TRANSFER,986876.27,C1702714599,986876.27,0,C83459379,0,0,1,0
24,CASH_OUT,986876.27,C1896884992,986876.27,0,C309078889,57853.96,1044730.24,1,0
24,TRANSFER,6844.73,C997222163,6844.73,0,C761549792,0,0,1,0
24,CASH_OUT,6844.73,C2006451816,6844.73,0,C1380348902,264100.7,270945.42,1,0
25,TRANSFER,8383.17,C282822245,8383.17,0,C1731493383,0,0,1,0
25,CASH_OUT,8383.17,C644686763,8383.17,0,C980380973,6577262.64,6585645.81,1,0
25,TRANSFER,781953.11,C763225876,781953.11,0,C1927695058,0,0,1,0
25,CASH_OUT,781953.11,C1665079678,781953.11,0,C1566512642,0,781953.11,1,0
25,TRANSFER,217231,C1527375688,217231,0,C658289217,0,0,1,0
25,CASH_OUT,217231,C1847744332,217231,0,C1181708889,7236671.1,7453902.1,1,0
25,TRANSFER,44829.81,C589374615,44829.81,0,C1612426642,0,0,1,0
25,CASH_OUT,44829.81,C1812532920,44829.81,0,C1135869087,301552.31,346382.12,1,0
25,TRANSFER,296333.54,C1473328942,296333.54,0,C1650053869,0,0,1,0
25,CASH_OUT,296333.54,C1938399138,296333.54,0,C257884050,3355664.68,3651998.22,1,0
25,TRANSFER,18126.95,C556483673,18126.95,0,C946378506,0,0,1,0
25,CASH_OUT,18126.95,C57087263,18126.95,0,C1574807586,0,18126.95,1,0
25,TRANSFER,249159.26,C862942009,249159.26,0,C1488413166,0,0,1,0
25,CASH_OUT,249159.26,C1962232117,249159.26,0,C750661006,285997.41,535156.67,1,0
25,TRANSFER,1698263.69,C1865185181,1698263.69,0,C388097316,0,0,1,0
25,CASH_OUT,1698263.69,C902520408,1698263.69,0,C1047966944,0,1698263.69,1,0
25,TRANSFER,802382.45,C127098115,802382.45,0,C1570699013,0,0,1,0
25,CASH_OUT,802382.45,C1343455954,802382.45,0,C1045004287,0,802382.45,1,0
26,TRANSFER,37065.55,C1952239554,37065.55,0,C399460584,0,0,1,0
26,CASH_OUT,37065.55,C281192595,37065.55,0,C514736179,1396327.66,1433393.21,1,0
26,TRANSFER,369186.87,C1879175902,369186.87,0,C900709443,0,0,1,0
26,CASH_OUT,369186.87,C1121219802,369186.87,0,C418751321,36224.11,405410.97,1,0
26,TRANSFER,78741.64,C1482114822,78741.64,0,C2123466960,0,0,1,0
26,CASH_OUT,78741.64,C1993214834,78741.64,0,C1402138462,48628.52,127370.16,1,0
26,TRANSFER,1646181.09,C700083141,1646181.09,0,C1359428492,0,0,1,0
26,CASH_OUT,1646181.09,C441238852,1646181.09,0,C2059240998,220025.2,1866206.29,1,0
26,TRANSFER,331829.94,C1549516546,331829.94,0,C1908627867,0,0,1,0
26,CASH_OUT,331829.94,C1357985676,331829.94,0,C255246845,792855.99,1124685.94,1,0
26,TRANSFER,1027152.36,C414159853,1027152.36,0,C1087566727,0,0,1,0
26,CASH_OUT,1027152.36,C1016323653,1027152.36,0,C409414944,519428.56,1546580.92,1,0
27,TRANSFER,494244.61,C1529468267,494244.61,0,C1924171481,0,0,1,0
27,CASH_OUT,494244.61,C1544211314,494244.61,0,C1751768780,653451.43,1147696.03,1,0
27,TRANSFER,329937.88,C699198167,329937.88,0,C2064246111,0,0,1,0
27,CASH_OUT,329937.88,C148278282,329937.88,0,C1783581377,349407.23,679345.1,1,0
27,TRANSFER,496128.26,C842027258,496128.26,0,C136618845,0,0,1,0
27,CASH_OUT,496128.26,C705152518,496128.26,0,C741210093,465770.07,961898.33,1,0
27,TRANSFER,1218165.88,C361429301,1218165.88,0,C550179566,0,0,1,0
27,CASH_OUT,1218165.88,C807604201,1218165.88,0,C849028719,742564.27,1960730.15,1,0
28,TRANSFER,3832058.34,C1279307827,3832058.34,0,C1124913173,0,0,1,0
28,CASH_OUT,3832058.34,C426880249,3832058.34,0,C1566081912,531662.14,4363720.48,1,0
28,TRANSFER,491517.77,C1029198062,491517.77,0,C1534111155,0,0,1,0
28,CASH_OUT,491517.77,C1198658385,491517.77,0,C523126423,518777.34,1010295.11,1,0
29,TRANSFER,340198.41,C491994230,340198.41,0,C772681684,0,0,1,0
29,CASH_OUT,340198.41,C1369188336,340198.41,0,C1627551181,1614043.79,1954242.21,1,0
29,TRANSFER,268641.82,C775733773,268641.82,0,C2121303056,0,0,1,0
29,CASH_OUT,268641.82,C2038670336,268641.82,0,C1068543577,197163.95,465805.77,1,0
30,TRANSFER,122235.11,C1279213624,122235.11,0,C2100791242,0,0,1,0
30,CASH_OUT,122235.11,C356571967,122235.11,0,C1905066109,0,122235.11,1,0
30,TRANSFER,236947.25,C1273047168,236947.25,0,C1636242484,0,0,1,0
30,CASH_OUT,236947.25,C474899128,236947.25,0,C116505755,70084.28,307031.53,1,0
30,TRANSFER,19016.22,C182136548,19016.22,0,C717672329,0,0,1,0
30,CASH_OUT,19016.22,C1257554854,19016.22,0,C1044117371,9347999.52,9367015.74,1,0
30,TRANSFER,109401.88,C2037269206,109401.88,0,C337579043,0,0,1,0
30,CASH_OUT,109401.88,C984153855,109401.88,0,C1806203979,245588.62,354990.5,1,0
31,TRANSFER,335219.49,C1775717184,335219.49,0,C1987320319,0,0,1,0
31,CASH_OUT,335219.49,C89283631,335219.49,0,C1228650470,111675.56,446895.05,1,0
31,TRANSFER,120406.39,C237098657,120406.39,0,C1177827371,0,0,1,0
31,CASH_OUT,120406.39,C1938001564,120406.39,0,C878440089,0,120406.39,1,0
31,TRANSFER,21516.38,C551376615,21516.38,0,C2121782042,0,0,1,0
31,CASH_OUT,21516.38,C939116023,21516.38,0,C1335084969,900122.84,921639.22,1,0
31,TRANSFER,378204.02,C620879020,378204.02,0,C929929591,0,0,1,0
31,CASH_OUT,378204.02,C1309442409,378204.02,0,C1009459055,0,378204.02,1,0
31,TRANSFER,5021186.54,C1848562108,5021186.54,0,C1803198527,0,0,1,0
31,CASH_OUT,5021186.54,C1520365660,5021186.54,0,C1308026520,880859.14,5902045.68,1,0
31,TRANSFER,587031.2,C1909564191,587031.2,0,C2047987632,0,0,1,0
31,CASH_OUT,587031.2,C1534882693,587031.2,0,C534658891,338247.75,925278.94,1,0
32,TRANSFER,81867.07,C1128786535,81867.07,0,C9901046,0,0,1,0
32,CASH_OUT,81867.07,C1861680707,81867.07,0,C2064372710,135117.98,216985.05,1,0
32,TRANSFER,2023920.09,C306405849,2023920.09,0,C193080093,0,0,1,0
32,CASH_OUT,2023920.09,C706467919,2023920.09,0,C338077337,1530400.88,3554320.97,1,0
32,TRANSFER,404165.06,C1458768825,404165.06,0,C206316722,0,0,1,0
32,CASH_OUT,404165.06,C254731202,404165.06,0,C1749677978,0,404165.06,1,0
32,TRANSFER,1164448.96,C107615831,1164448.96,0,C144473930,0,0,1,0
32,CASH_OUT,1164448.96,C1925676917,1164448.96,0,C2040690699,1080246.34,2244695.29,1,0
32,TRANSFER,401575.19,C2084058641,401575.19,0,C1017580631,0,0,1,0
32,CASH_OUT,401575.19,C1684571589,401575.19,0,C1619036760,0,401575.19,1,0
32,TRANSFER,604933.67,C1769820937,604933.67,0,C1536446312,0,0,1,0
32,CASH_OUT,604933.67,C1085892947,604933.67,0,C1138178950,35839.7,640773.38,1,0
33,TRANSFER,3295227.84,C1152596026,3295227.84,0,C1976114093,0,0,1,0
33,CASH_OUT,3295227.84,C1587398978,3295227.84,0,C1560573396,0,4002861.53,1,0
33,TRANSFER,214975.9,C304547800,214975.9,0,C155793474,0,0,1,0
33,CASH_OUT,214975.9,C6796051,214975.9,0,C677541710,152331.28,374513.69,1,0
33,TRANSFER,1.00E+07,C1439740840,1.99E+07,9887819.06,C875288652,0,0,1,0
33,CASH_OUT,1.00E+07,C29118015,1.00E+07,0,C1379703840,0,1.00E+07,1,0
33,TRANSFER,9887819.06,C1548903046,9887819.06,0,C2065423383,0,0,1,0
33,CASH_OUT,9887819.06,C1071702423,9887819.06,0,C28783325,801913.95,1.02E+07,1,0
33,TRANSFER,1448630.38,C101899927,1448630.38,0,C679483948,0,0,1,0
33,CASH_OUT,1448630.38,C942063884,1448630.38,0,C1317594509,1294571.45,2743201.82,1,0
33,TRANSFER,6648389.9,C67311634,6648389.9,0,C674603923,0,0,1,0
33,CASH_OUT,6648389.9,C1612816859,6648389.9,0,C836514715,2609209.55,9257599.45,1,0
34,TRANSFER,51424.22,C1887135298,51424.22,0,C1119742908,0,0,1,0
34,CASH_OUT,51424.22,C1977213426,51424.22,0,C1445058573,87252.78,138677,1,0
34,TRANSFER,428239.03,C711340026,428239.03,0,C674486348,0,0,1,0
34,CASH_OUT,428239.03,C1057589740,428239.03,0,C511164301,293130.02,1456009.92,1,0
34,TRANSFER,52557.21,C437611850,52557.21,0,C830293590,0,0,1,0
34,CASH_OUT,52557.21,C483094763,52557.21,0,C1009901500,0,52557.21,1,0
34,TRANSFER,1462355.44,C2112073607,1462355.44,0,C399994587,0,0,1,0
34,CASH_OUT,1462355.44,C1049482889,1462355.44,0,C373339841,1544724.84,3007080.29,1,0
34,TRANSFER,27951.26,C722855847,27951.26,0,C866867675,0,0,1,0
34,CASH_OUT,27951.26,C476695686,27951.26,0,C90854025,10439,698752.71,1,0
34,TRANSFER,989311.12,C2035691205,989311.12,0,C2145664965,0,0,1,0
34,CASH_OUT,989311.12,C1177633466,989311.12,0,C1609979141,1009370.24,1998681.36,1,0
34,TRANSFER,865948.49,C321662798,865948.49,0,C1466511502,0,0,1,0
34,CASH_OUT,865948.49,C2109818783,865948.49,0,C197117096,0,865948.49,1,0
34,TRANSFER,30917.39,C1302461032,30917.39,0,C1058590682,0,0,1,0
34,CASH_OUT,30917.39,C1257352420,30917.39,0,C984948607,339926.42,370843.82,1,0
34,TRANSFER,40458,C262165422,40458,0,C847172802,0,0,1,0
34,CASH_OUT,40458,C1657291163,40458,0,C684399107,561393.36,331179.02,1,0
34,TRANSFER,1016540.35,C638438531,1016540.35,0,C2146216948,0,0,1,0
34,CASH_OUT,1016540.35,C1455982049,1016540.35,0,C1613524189,4463851.64,5700161.74,1,0
34,TRANSFER,71693.42,C1103482150,71693.42,0,C2145121206,0,0,1,0
34,CASH_OUT,71693.42,C1845753498,71693.42,0,C967051629,0,71693.42,1,0
35,TRANSFER,472692.51,C892010542,472692.51,0,C935310781,0,0,1,0
35,CASH_OUT,472692.51,C145594916,472692.51,0,C1718370785,193065.83,665758.34,1,0
35,TRANSFER,122032.62,C133342319,122032.62,0,C1919617921,0,0,1,0
35,CASH_OUT,122032.62,C1167817015,122032.62,0,C1628037417,0,122032.62,1,0
35,TRANSFER,3606943.31,C1054903406,3606943.31,0,C755069790,0,0,1,0
35,CASH_OUT,3606943.31,C1011490419,3606943.31,0,C1919783086,0,3606943.31,1,0
35,CASH_OUT,112280.88,C609821524,0,0,C708118422,40512.49,152793.36,1,0
35,TRANSFER,171788.82,C392119936,171788.82,0,C1283539626,0,0,1,0
35,CASH_OUT,171788.82,C432562518,171788.82,0,C1529736160,19962,0,1,0
35,TRANSFER,9465988.82,C851016578,9465988.82,0,C1650562969,0,0,1,0
35,CASH_OUT,9465988.82,C91276418,9465988.82,0,C1220805115,0,9465988.82,1,0
35,TRANSFER,454511.73,C1322100754,454511.73,0,C580058151,0,0,1,0
35,CASH_OUT,454511.73,C1482588472,454511.73,0,C1751888979,140892.24,595403.98,1,0
35,TRANSFER,136983.26,C828966021,136983.26,0,C253711141,0,0,1,0
35,CASH_OUT,136983.26,C1036592129,136983.26,0,C133256042,0,136983.26,1,0
36,TRANSFER,326884.31,C237051726,326884.31,0,C1684081981,0,0,1,0
36,CASH_OUT,326884.31,C1259393771,326884.31,0,C275053310,337428.2,664312.51,1,0
36,TRANSFER,2352524.18,C1498028072,2352524.18,0,C70360442,0,0,1,0
36,CASH_OUT,2352524.18,C914179351,2352524.18,0,C413966770,1227902.12,3580426.31,1,0
36,TRANSFER,113338.99,C226697568,113338.99,0,C1045024523,0,0,1,0
36,CASH_OUT,113338.99,C371645181,113338.99,0,C895376277,3290608.15,3403947.14,1,0
36,TRANSFER,886592.76,C1027885522,886592.76,0,C201404620,0,0,1,0
36,CASH_OUT,886592.76,C1385592810,886592.76,0,C1755092826,112531.06,999123.82,1,0
36,TRANSFER,819503.92,C2020161235,819503.92,0,C1827219533,0,0,1,0
36,CASH_OUT,819503.92,C510717698,819503.92,0,C1469248112,255585.23,1470226.48,1,0
36,TRANSFER,636,C1819371332,636,0,C59681246,0,0,1,0
36,CASH_OUT,636,C1789723757,636,0,C236701409,0,636,1,0
36,TRANSFER,32382.96,C1291212648,32382.96,0,C301302016,0,0,1,0
36,CASH_OUT,32382.96,C1507237385,32382.96,0,C53062849,0,32382.96,1,0
36,TRANSFER,103056,C383698470,103056,0,C761769299,0,0,1,0
36,CASH_OUT,103056,C1859440956,103056,0,C1389963224,444182.13,547238.13,1,0
36,CASH_OUT,234377.29,C1737133410,0,0,C877378703,34937.86,269315.15,1,0
36,TRANSFER,1684039.12,C397247453,1684039.12,0,C227472046,0,0,1,0
36,CASH_OUT,1684039.12,C168686866,1684039.12,0,C803116137,3.30E+07,3.46E+07,1,0
37,TRANSFER,1842,C1032918138,1842,0,C34257403,0,0,1,0
37,CASH_OUT,1842,C323132484,1842,0,C1737682079,0,1842,1,0
37,TRANSFER,180967.56,C1482673200,180967.56,0,C1127207923,0,0,1,0
37,CASH_OUT,180967.56,C1196784232,180967.56,0,C165922010,95280.53,276248.1,1,0
37,TRANSFER,93083.27,C1904979167,93083.27,0,C2067685892,0,0,1,0
37,CASH_OUT,93083.27,C517122648,93083.27,0,C839403720,2466124.85,2559208.13,1,0
37,TRANSFER,5979556.06,C899260948,5979556.06,0,C1414206737,0,0,1,0
37,CASH_OUT,5979556.06,C1240594546,5979556.06,0,C579897687,0,5979556.06,1,0
37,TRANSFER,128133,C1300586295,128133,0,C786580223,0,0,1,0
37,CASH_OUT,128133,C921148283,128133,0,C129500962,160395.62,288528.62,1,0
37,TRANSFER,503793.25,C140477383,503793.25,0,C1169138113,0,95709.62,1,0
37,CASH_OUT,503793.25,C1260832016,503793.25,0,C930580526,1.01E+07,1.06E+07,1,0
37,CASH_OUT,112486.46,C124687089,0,0,C179706450,257274.47,369760.93,1,0
38,TRANSFER,448004.86,C2088582248,448004.86,0,C534171533,0,0,1,0
38,CASH_OUT,448004.86,C949792674,448004.86,0,C1152369407,147828.66,595833.52,1,0
38,TRANSFER,90204.54,C151033820,90204.54,0,C1303889891,0,0,1,0
38,CASH_OUT,90204.54,C1295812229,90204.54,0,C1254182177,0,90204.54,1,0
38,CASH_OUT,577418.98,C1907944035,0,0,C541373010,0,577418.98,1,0
38,TRANSFER,21367,C1884262933,21367,0,C69223691,0,0,1,0
38,CASH_OUT,21367,C1032400193,21367,0,C760883565,898934.02,920301.02,1,0
38,TRANSFER,2395.29,C1015615322,2395.29,0,C503986394,0,0,1,0
38,CASH_OUT,2395.29,C50436894,2395.29,0,C1124184322,276538.59,470937.03,1,0
38,TRANSFER,7567170.36,C1215509660,7567170.36,0,C96222488,0,0,1,0
38,CASH_OUT,7567170.36,C1891733615,7567170.36,0,C1599314459,345425.4,7912595.75,1,0
38,TRANSFER,3372,C2049498532,3372,0,C1540407960,0,0,1,0
38,CASH_OUT,3372,C2002603307,3372,0,C1685866985,456659.44,460031.44,1,0
38,CASH_OUT,407005.78,C1948189565,0,0,C1059308371,0,407005.78,1,0
38,TRANSFER,360688.3,C739289668,360688.3,0,C432663857,0,0,1,0
38,CASH_OUT,360688.3,C62190783,360688.3,0,C1187610031,0,360688.3,1,0
39,TRANSFER,2070814.27,C511306069,2070814.27,0,C1776402146,0,0,1,0
39,CASH_OUT,2070814.27,C1115361466,2070814.27,0,C521252518,0,2070814.27,1,0
39,TRANSFER,238717.5,C492613437,238717.5,0,C74971191,0,0,1,0
39,CASH_OUT,238717.5,C1658110693,238717.5,0,C222052738,601511.4,671690.05,1,0
39,TRANSFER,18887,C725825783,18887,0,C236787500,0,0,1,0
39,CASH_OUT,18887,C1507825825,18887,0,C1603586973,131489.74,150376.74,1,0
39,TRANSFER,7937954.2,C2057200986,7937954.2,0,C1124319645,0,0,1,0
39,CASH_OUT,7937954.2,C1581001485,7937954.2,0,C2012612648,2716480.56,1.07E+07,1,0
39,TRANSFER,39013.3,C1092667126,39013.3,0,C1482119856,0,0,1,0
39,CASH_OUT,39013.3,C888856721,39013.3,0,C202101281,924162.55,1089489.11,1,0
39,TRANSFER,152042.16,C1118399210,152042.16,0,C104038589,0,0,1,0
39,CASH_OUT,152042.16,C1395896953,152042.16,0,C45672156,710428.02,862470.18,1,0
40,TRANSFER,26950.06,C575969831,26950.06,0,C220147588,0,0,1,0
40,CASH_OUT,26950.06,C1112574505,26950.06,0,C30015547,255430.21,282380.27,1,0
40,TRANSFER,20314.97,C776336653,20314.97,0,C737099940,0,0,1,0
40,CASH_OUT,20314.97,C1545814282,20314.97,0,C183363284,1270005.54,1290320.51,1,0
40,TRANSFER,6188772.44,C979937832,6188772.44,0,C1787596520,0,0,1,0
40,CASH_OUT,6188772.44,C1440649048,6188772.44,0,C1477641326,6056796.74,1.24E+07,1,0
40,TRANSFER,2757431.53,C1340596396,2757431.53,0,C487414422,0,0,1,0
40,CASH_OUT,2757431.53,C82669876,2757431.53,0,C1462250062,0,2757431.53,1,0
40,TRANSFER,7887.75,C1551140519,7887.75,0,C311151183,0,0,1,0
40,CASH_OUT,7887.75,C418271713,7887.75,0,C795853330,0,7887.75,1,0
40,TRANSFER,31930.24,C1311186566,31930.24,0,C1907577066,0,0,1,0
40,CASH_OUT,31930.24,C1222717182,31930.24,0,C515442419,113287.58,145217.82,1,0
40,TRANSFER,212613.29,C1424554187,212613.29,0,C1294873831,0,0,1,0
40,CASH_OUT,212613.29,C1863248518,212613.29,0,C536599412,1370788.41,1583401.69,1,0
41,TRANSFER,581889.94,C518343264,581889.94,0,C596058183,0,0,1,0
41,CASH_OUT,581889.94,C541992132,581889.94,0,C715094437,359585.03,941474.97,1,0
41,TRANSFER,1783144.33,C1067826676,1783144.33,0,C57546675,0,0,1,0
41,CASH_OUT,1783144.33,C229433868,1783144.33,0,C978822470,1793786.8,3576931.13,1,0
41,TRANSFER,82806.2,C474735735,82806.2,0,C1737223057,0,0,1,0
41,CASH_OUT,82806.2,C1327670146,82806.2,0,C1480756205,0,0,1,0
41,TRANSFER,32690.68,C1813633369,32690.68,0,C586649123,0,0,1,0
41,CASH_OUT,32690.68,C1070694303,32690.68,0,C1612957594,2361188.1,2393878.78,1,0
41,TRANSFER,1270564.34,C1268743025,1270564.34,0,C802302527,0,0,1,0
41,CASH_OUT,1270564.34,C1805103048,1270564.34,0,C1167029703,0,1270564.34,1,0
41,TRANSFER,2885466.96,C739578791,2885466.96,0,C1562052816,0,0,1,0
41,CASH_OUT,2885466.96,C866414395,2885466.96,0,C315595990,28131.01,3268477.05,1,0
42,TRANSFER,334276.08,C1374233613,334276.08,0,C443044241,0,0,1,0
42,CASH_OUT,334276.08,C1006070662,334276.08,0,C1475265472,318089.61,652365.68,1,0
42,TRANSFER,3569720.42,C1985844506,3569720.42,0,C440567141,0,0,1,0
42,CASH_OUT,3569720.42,C2012983997,3569720.42,0,C365271329,0,3569720.42,1,0
42,TRANSFER,1566057.28,C646867271,1566057.28,0,C701554593,0,0,1,0
42,CASH_OUT,1566057.28,C1496808239,1566057.28,0,C737489499,0,1566057.28,1,0
42,TRANSFER,5032484.73,C1883768704,5032484.73,0,C1982874632,0,0,1,0
42,CASH_OUT,5032484.73,C253446049,5032484.73,0,C57938337,873589.17,5906073.9,1,0
42,TRANSFER,36359.57,C1167233065,36359.57,0,C528250681,0,0,1,0
42,CASH_OUT,36359.57,C1257654035,36359.57,0,C334259414,20206.65,56566.22,1,0
42,TRANSFER,506867.52,C1345605199,506867.52,0,C759668657,0,0,1,0
42,CASH_OUT,506867.52,C341811151,506867.52,0,C1795348373,0,458682.99,1,0
42,TRANSFER,1917497.63,C373557981,1917497.63,0,C114416170,0,0,1,0
42,CASH_OUT,1917497.63,C1510964909,1917497.63,0,C580102695,173507.14,2091004.76,1,0
43,TRANSFER,29988,C158964639,29988,0,C1661087818,0,0,1,0
43,CASH_OUT,29988,C756162144,29988,0,C1734856260,0,29988,1,0
43,TRANSFER,350789.59,C1709961291,350789.59,0,C1364728606,0,276871.71,1,0
43,CASH_OUT,350789.59,C1269861924,350789.59,0,C724251968,8785008.75,9135798.34,1,0
43,TRANSFER,1395850.55,C1296215617,0,0,C1429415136,260806.21,1656656.77,1,0
43,TRANSFER,93459.89,C1518273469,93459.89,0,C1076725693,0,0,1,0
43,CASH_OUT,93459.89,C1250676021,93459.89,0,C977089472,15825.7,109285.59,1,0
43,TRANSFER,435166.65,C1897851214,435166.65,0,C1118636317,0,0,1,0
43,CASH_OUT,435166.65,C743185292,435166.65,0,C1036804658,449215.85,884382.5,1,0
43,TRANSFER,21987,C725236553,21987,0,C417640852,0,0,1,0
43,CASH_OUT,21987,C983847519,21987,0,C868283274,123690.93,145677.94,1,0
43,TRANSFER,362152.77,C1484448573,362152.77,0,C1911678087,0,0,1,0
43,CASH_OUT,362152.77,C1825250063,362152.77,0,C321399553,282809.47,644962.23,1,0
44,TRANSFER,1649818.97,C369936121,1649818.97,0,C1347315975,0,0,1,0
44,CASH_OUT,1649818.97,C2052172437,1649818.97,0,C1401780750,560704.68,2210523.64,1,0
44,TRANSFER,387952.42,C374179954,387952.42,0,C1213274351,0,0,1,0
44,CASH_OUT,387952.42,C321872585,387952.42,0,C401911630,2070655.98,2222177.16,1,0
44,TRANSFER,44571.94,C1819568647,44571.94,0,C258309243,0,0,1,0
44,CASH_OUT,44571.94,C330892703,44571.94,0,C648682751,11984,0,1,0
44,TRANSFER,534255.94,C967325382,534255.94,0,C1259079602,0,0,1,0
44,CASH_OUT,534255.94,C1829721095,534255.94,0,C991247178,24559,558814.94,1,0
45,TRANSFER,213983.59,C286239409,213983.59,0,C151804423,0,0,1,0
45,CASH_OUT,213983.59,C578474227,213983.59,0,C265601701,0,213983.59,1,0
45,TRANSFER,217255.97,C1481880227,217255.97,0,C948441746,0,0,1,0
45,CASH_OUT,217255.97,C1291131466,217255.97,0,C1786011910,2115234.86,2332490.82,1,0
45,TRANSFER,1069508.42,C1582972194,1069508.42,0,C284364603,0,0,1,0
45,CASH_OUT,1069508.42,C1958391057,1069508.42,0,C1813915360,172254,1439496.96,1,0
45,TRANSFER,5188875.35,C1556710652,5188875.35,0,C1264872013,0,0,1,0
45,CASH_OUT,5188875.35,C1564479230,5188875.35,0,C203959811,11465,5020573.28,1,0
45,TRANSFER,4919642.57,C1457431353,4919642.57,0,C203170379,0,0,1,0
45,CASH_OUT,4919642.57,C693406382,4919642.57,0,C1514738968,1414095.92,6333738.49,1,0
45,TRANSFER,357836.57,C353840221,357836.57,0,C1679122685,0,0,1,0
45,CASH_OUT,357836.57,C198543509,357836.57,0,C824285986,51217.85,409054.43,1,0
45,TRANSFER,155761.29,C280136890,155761.29,0,C927108992,0,0,1,0
45,CASH_OUT,155761.29,C719370249,155761.29,0,C2024978323,192775.45,348536.74,1,0
45,TRANSFER,7335355.57,C1102672587,7335355.57,0,C735323689,0,0,1,0
45,CASH_OUT,7335355.57,C1223916377,7335355.57,0,C542934513,702100.11,8037455.68,1,0
46,TRANSFER,9977761.05,C154757729,9977761.05,0,C1895716929,0,0,1,0
46,CASH_OUT,9977761.05,C840795008,9977761.05,0,C1214752539,0,9977761.05,1,0
46,TRANSFER,35016.23,C397528199,35016.23,0,C1325281003,0,0,1,0
46,CASH_OUT,35016.23,C1267520613,35016.23,0,C801157832,65435.34,100451.57,1,0
46,TRANSFER,71372,C33339986,71372,0,C2120774041,0,0,1,0
46,CASH_OUT,71372,C313736303,71372,0,C935310781,613464.04,684836.04,1,0
46,TRANSFER,945131.85,C1324043104,945131.85,0,C797897879,0,0,1,0
46,CASH_OUT,945131.85,C809054944,945131.85,0,C264512063,119561.47,1064693.32,1,0
46,TRANSFER,736370.54,C1061149717,736370.54,0,C737745926,0,0,1,0
46,CASH_OUT,736370.54,C533706573,736370.54,0,C1063608678,556478.62,1292849.15,1,0
46,TRANSFER,82971.91,C1603043156,82971.91,0,C898953864,0,0,1,0
46,CASH_OUT,82971.91,C522399382,82971.91,0,C509018542,39316.96,122288.87,1,0
46,TRANSFER,585010.21,C1948614614,585010.21,0,C218558993,0,0,1,0
46,CASH_OUT,585010.21,C878935318,585010.21,0,C2122554602,15969.08,600979.29,1,0
47,TRANSFER,225850.53,C362274629,225850.53,0,C2097224214,0,0,1,0
47,CASH_OUT,225850.53,C478694396,225850.53,0,C310772625,5063600.9,5289451.43,1,0
47,TRANSFER,243028.65,C1664257559,243028.65,0,C1658994093,0,0,1,0
47,CASH_OUT,243028.65,C1427360526,243028.65,0,C410529823,441285.14,684313.79,1,0
47,TRANSFER,2249574.01,C853837808,2249574.01,0,C1750636426,0,0,1,0
47,CASH_OUT,2249574.01,C758510706,2249574.01,0,C1011054162,3785286.98,6034861,1,0
47,TRANSFER,13172.17,C1669581327,13172.17,0,C1697995801,0,0,1,0
47,CASH_OUT,13172.17,C11443462,13172.17,0,C1334228384,0,13172.17,1,0
47,TRANSFER,61487.67,C825902720,61487.67,0,C512979582,0,0,1,0
47,CASH_OUT,61487.67,C2064498880,61487.67,0,C1457751793,0,61487.67,1,0
47,TRANSFER,156011.24,C1496997212,156011.24,0,C1588957214,0,0,1,0
47,CASH_OUT,156011.24,C877302181,156011.24,0,C2044342029,152239.96,308251.2,1,0
47,TRANSFER,36532.84,C905922907,36532.84,0,C2062739315,0,0,1,0
47,CASH_OUT,36532.84,C1588509166,36532.84,0,C1486240719,0,36532.84,1,0
47,TRANSFER,827921.27,C1767277816,827921.27,0,C1835346647,0,0,1,0
47,CASH_OUT,827921.27,C1304293347,827921.27,0,C957732076,1025081.63,1853002.91,1,0
47,TRANSFER,667043.9,C1221718544,667043.9,0,C29028630,0,0,1,0
47,CASH_OUT,667043.9,C1676208609,667043.9,0,C1263000252,104132.27,771176.17,1,0
47,TRANSFER,202978.65,C1932446672,0,0,C966173999,2122336.55,2325315.19,1,0
47,TRANSFER,1388951.5,C1186930189,1388951.5,0,C2069118895,0,0,1,0
47,CASH_OUT,1388951.5,C1476504573,1388951.5,0,C598780092,459273.45,1848224.95,1,0
48,TRANSFER,1215297.01,C22070941,1215297.01,0,C1908319524,0,0,1,0
48,CASH_OUT,1215297.01,C274359236,1215297.01,0,C1653022223,2497294.92,3712591.93,1,0
48,TRANSFER,337974.21,C2029593206,337974.21,0,C1780194403,0,0,1,0
48,CASH_OUT,337974.21,C1171102344,337974.21,0,C1505545472,0,337974.21,1,0
48,TRANSFER,147267.01,C1261933788,147267.01,0,C1058127621,0,0,1,0
48,CASH_OUT,147267.01,C1556029086,147267.01,0,C1479614331,107418,64210.56,1,0
48,TRANSFER,561374.78,C796147836,561374.78,0,C723898004,0,0,1,0
48,CASH_OUT,561374.78,C442133026,561374.78,0,C952759841,5726683.53,6288058.31,1,0
48,TRANSFER,5489302.04,C806769154,5489302.04,0,C519182481,0,0,1,0
48,CASH_OUT,5489302.04,C123757418,5489302.04,0,C346649476,1356390.81,6845692.85,1,0
49,TRANSFER,1021129.67,C1545338291,1021129.67,0,C372035143,0,0,1,0
49,CASH_OUT,1021129.67,C771564749,1021129.67,0,C2126217921,86245.92,1107375.59,1,0
49,TRANSFER,114017.19,C1785967281,114017.19,0,C68578357,0,0,1,0
49,CASH_OUT,114017.19,C305323219,114017.19,0,C1508275623,2822872.88,2936890.07,1,0
50,TRANSFER,112668.54,C994276793,112668.54,0,C670042954,0,0,1,0
50,CASH_OUT,112668.54,C1673728989,112668.54,0,C487582896,0,112668.54,1,0
50,TRANSFER,967153.5,C850743663,967153.5,0,C1137540009,0,0,1,0
50,CASH_OUT,967153.5,C1815828420,967153.5,0,C917661354,183670.2,1150823.7,1,0
50,TRANSFER,592737.43,C30736240,592737.43,0,C725738949,0,0,1,0
50,CASH_OUT,592737.43,C300034494,592737.43,0,C206270107,163646.39,756383.82,1,0
51,TRANSFER,202887.77,C155466948,202887.77,0,C1368205157,0,0,1,0
51,CASH_OUT,202887.77,C1064820575,202887.77,0,C26411328,0,202887.77,1,0
51,TRANSFER,339275.64,C427722942,339275.64,0,C2116826462,0,0,1,0
51,CASH_OUT,339275.64,C433192438,339275.64,0,C1002469873,1481576.03,1820851.68,1,0
51,TRANSFER,115881.21,C836452372,115881.21,0,C1661320351,0,0,1,0
51,CASH_OUT,115881.21,C819461207,115881.21,0,C814886797,4774288.04,4890169.26,1,0
51,TRANSFER,1398946.33,C1560394123,1398946.33,0,C1393670189,0,0,1,0
51,CASH_OUT,1398946.33,C1269420432,1398946.33,0,C237977902,0,1398946.33,1,0
51,TRANSFER,1170282.92,C1948396559,1170282.92,0,C538567441,0,0,1,0
51,CASH_OUT,1170282.92,C555990868,1170282.92,0,C1318550066,173264.14,1343547.06,1,0
51,TRANSFER,567932.31,C710887172,567932.31,0,C2057229481,0,0,1,0
51,CASH_OUT,567932.31,C1373739020,567932.31,0,C1576761892,0,567932.31,1,0
51,TRANSFER,361460.79,C877036651,361460.79,0,C748208035,0,0,1,0
51,CASH_OUT,361460.79,C136533160,361460.79,0,C178151720,991487.78,1352948.57,1,0
52,TRANSFER,7484125.12,C1486116303,7484125.12,0,C398541118,0,0,1,0
52,CASH_OUT,7484125.12,C99129129,7484125.12,0,C1179262893,62896.23,7547021.36,1,0
52,TRANSFER,1093155.19,C84753955,1093155.19,0,C203085340,0,0,1,0
52,CASH_OUT,1093155.19,C395947070,1093155.19,0,C1747066716,1966451.64,3059606.83,1,0
52,TRANSFER,128426.58,C1842985263,128426.58,0,C840755462,0,0,1,0
52,CASH_OUT,128426.58,C742996578,128426.58,0,C11731793,0,128426.58,1,0
52,TRANSFER,969259.07,C806145630,969259.07,0,C1088026094,0,0,1,0
52,CASH_OUT,969259.07,C457586283,969259.07,0,C379384197,85723.45,1054982.52,1,0
53,TRANSFER,1631640.02,C443233087,1631640.02,0,C1597258791,0,0,1,0
53,CASH_OUT,1631640.02,C1732115289,1631640.02,0,C262978946,705298.87,2336938.89,1,0
53,TRANSFER,99139.27,C831891422,99139.27,0,C1984865103,0,0,1,0
53,CASH_OUT,99139.27,C457849577,99139.27,0,C253226648,28766.55,127905.82,1,0
53,TRANSFER,6215.44,C1484456052,6215.44,0,C1913346868,0,0,1,0
53,CASH_OUT,6215.44,C1351929617,6215.44,0,C842672981,191197.42,197412.85,1,0
53,TRANSFER,3640271.29,C1285761418,3640271.29,0,C2028641482,0,0,1,0
53,CASH_OUT,3640271.29,C108318597,3640271.29,0,C1038092429,6525.95,3646797.25,1,0
53,TRANSFER,931684.75,C101455775,931684.75,0,C1834538811,0,0,1,0
53,CASH_OUT,931684.75,C1888926728,931684.75,0,C1918631578,3608144.66,4539829.41,1,0
54,TRANSFER,1350574.58,C919766733,1350574.58,0,C623650025,0,0,1,0
54,CASH_OUT,1350574.58,C414078193,1350574.58,0,C907833742,2925591.98,4276166.57,1,0
54,TRANSFER,438224.6,C163085808,438224.6,0,C652285552,0,0,1,0
54,CASH_OUT,438224.6,C1238831225,438224.6,0,C296924123,320697.46,758922.05,1,0
55,TRANSFER,760625.76,C1611123412,760625.76,0,C1796277088,0,0,1,0
55,CASH_OUT,760625.76,C749159040,760625.76,0,C1749746216,128272.02,888897.78,1,0
55,TRANSFER,309254.05,C1323797959,309254.05,0,C986375360,0,0,1,0
55,CASH_OUT,309254.05,C906689307,309254.05,0,C1018466821,218535.44,527789.5,1,0
55,TRANSFER,283400.42,C1745208932,283400.42,0,C2118682140,0,0,1,0
55,CASH_OUT,283400.42,C2116041382,283400.42,0,C1772301094,2662439.92,2945840.34,1,0
55,TRANSFER,109028.8,C215685392,109028.8,0,C1679780828,0,0,1,0
55,CASH_OUT,109028.8,C1835596211,109028.8,0,C1502942700,674110.57,783139.37,1,0
55,TRANSFER,854550.85,C723006620,854550.85,0,C240791931,0,0,1,0
55,CASH_OUT,854550.85,C1410522707,854550.85,0,C880907246,186808.48,1041359.33,1,0
55,TRANSFER,167715.53,C5594712,167715.53,0,C69798076,0,0,1,0
55,CASH_OUT,167715.53,C710580864,167715.53,0,C349231889,492360.21,660075.73,1,0
56,TRANSFER,1932200.59,C1448304922,1932200.59,0,C1082976131,0,0,1,0
56,CASH_OUT,1932200.59,C1900295340,1932200.59,0,C2032646914,0,1932200.59,1,0
56,TRANSFER,829885.13,C633571752,829885.13,0,C22428002,0,0,1,0
56,CASH_OUT,829885.13,C1179900921,829885.13,0,C2021579766,1.33E+07,1.41E+07,1,0
56,TRANSFER,42789.93,C353411083,42789.93,0,C803277933,0,0,1,0
56,CASH_OUT,42789.93,C1799683256,42789.93,0,C2124012245,0,42789.93,1,0
56,TRANSFER,136562.78,C1391703729,136562.78,0,C1707583711,0,0,1,0
56,CASH_OUT,136562.78,C170337029,136562.78,0,C2005239245,21100.34,157663.12,1,0
56,TRANSFER,82767.31,C447204018,82767.31,0,C1405076025,0,0,1,0
56,CASH_OUT,82767.31,C1447707746,82767.31,0,C133385139,401173.22,483940.53,1,0
56,TRANSFER,2776135.33,C432219684,2776135.33,0,C926776113,0,0,1,0
56,CASH_OUT,2776135.33,C718213394,2776135.33,0,C1307403006,0,2776135.33,1,0
56,TRANSFER,4243468.19,C244956323,4243468.19,0,C1079262309,0,0,1,0
56,CASH_OUT,4243468.19,C175411270,4243468.19,0,C1082242132,698483.22,4941951.41,1,0
56,TRANSFER,530733.43,C176579882,530733.43,0,C1049193275,0,0,1,0
56,CASH_OUT,530733.43,C1486070505,530733.43,0,C1428831661,233066.99,763800.42,1,0
56,TRANSFER,325242.69,C464286204,325242.69,0,C1532660344,0,0,1,0
56,CASH_OUT,325242.69,C905192559,325242.69,0,C1676432811,910845.46,1236088.15,1,0
57,TRANSFER,157610.11,C207792334,157610.11,0,C912468991,0,0,1,0
57,CASH_OUT,157610.11,C1227085633,157610.11,0,C1712237759,949587.48,1107197.59,1,0
57,TRANSFER,354441.19,C829975560,354441.19,0,C157107660,0,0,1,0
57,CASH_OUT,354441.19,C633069844,354441.19,0,C1718989078,452296.45,806737.65,1,0
57,TRANSFER,1014816.16,C550185181,1014816.16,0,C1007032757,0,0,1,0
57,CASH_OUT,1014816.16,C1871778702,1014816.16,0,C2092796486,1417511.04,2432327.2,1,0
58,TRANSFER,246938.77,C1588962215,246938.77,0,C1667993735,0,0,1,0
58,CASH_OUT,246938.77,C1249676524,246938.77,0,C1822682019,0,246938.77,1,0
58,TRANSFER,561948.38,C856217790,561948.38,0,C1278181974,0,0,1,0
58,CASH_OUT,561948.38,C1424142386,561948.38,0,C248271098,30911.97,592860.35,1,0
58,TRANSFER,106673.26,C666474898,106673.26,0,C2119441360,0,0,1,0
58,CASH_OUT,106673.26,C160197221,106673.26,0,C431559844,0,106673.26,1,0
58,TRANSFER,6501303.14,C2083819202,6501303.14,0,C1581398768,0,0,1,0
58,CASH_OUT,6501303.14,C1033290326,6501303.14,0,C1721246847,4439499.5,1.09E+07,1,0
58,TRANSFER,3156421.43,C1609180237,3156421.43,0,C1443408255,0,0,1,0
58,CASH_OUT,3156421.43,C597790533,3156421.43,0,C1365109989,181440.45,3337861.88,1,0
58,TRANSFER,1789155.73,C1979185568,1789155.73,0,C1873285106,0,0,1,0
58,CASH_OUT,1789155.73,C853148295,1789155.73,0,C439525493,2031388.61,3820544.34,1,0
58,TRANSFER,456745.18,C1016889565,456745.18,0,C1924324818,0,0,1,0
58,CASH_OUT,456745.18,C325643180,456745.18,0,C1138806458,0,456745.18,1,0
58,TRANSFER,7108914.22,C1494760088,7108914.22,0,C1835087777,0,0,1,0
58,CASH_OUT,7108914.22,C993318150,7108914.22,0,C73690456,0,7108914.22,1,0
58,TRANSFER,109525.67,C1677074645,109525.67,0,C408634115,0,0,1,0
58,CASH_OUT,109525.67,C924291724,109525.67,0,C1035427073,3997342.61,4106868.28,1,0
58,TRANSFER,378688.65,C801354252,378688.65,0,C388808912,0,0,1,0
58,CASH_OUT,378688.65,C851631639,378688.65,0,C1573752300,0,378688.65,1,0
59,TRANSFER,394388.09,C1625333778,394388.09,0,C940087282,0,0,1,0
59,CASH_OUT,394388.09,C1802030448,394388.09,0,C707965723,1260564.49,1654952.58,1,0
59,TRANSFER,3904257.51,C1648039979,3904257.51,0,C1502171587,0,0,1,0
59,CASH_OUT,3904257.51,C280132554,3904257.51,0,C858291954,0,3904257.51,1,0
59,TRANSFER,3857176.83,C1675721447,3857176.83,0,C892636220,0,0,1,0
59,CASH_OUT,3857176.83,C1585480308,3857176.83,0,C78663667,228541.62,4085718.45,1,0
59,TRANSFER,21174.45,C1690317775,21174.45,0,C1829927547,0,0,1,0
59,CASH_OUT,21174.45,C1739548854,21174.45,0,C240278716,31409.08,52583.53,1,0
59,TRANSFER,192765.49,C267452646,192765.49,0,C243306413,0,0,1,0
59,CASH_OUT,192765.49,C1429774414,192765.49,0,C764672612,3252407.57,3445173.06,1,0
59,TRANSFER,1011606.26,C813936493,1011606.26,0,C1382261132,0,0,1,0
59,CASH_OUT,1011606.26,C754293523,1011606.26,0,C1247187194,0,1011606.26,1,0
59,TRANSFER,2050727.81,C721700955,2050727.81,0,C1996747267,0,0,1,0
59,CASH_OUT,2050727.81,C992917413,2050727.81,0,C104038589,0,2050727.81,1,0
59,TRANSFER,9748.89,C385589098,9748.89,0,C1606057909,0,0,1,0
59,CASH_OUT,9748.89,C383165349,9748.89,0,C868497487,180869.12,190618.01,1,0
59,TRANSFER,44733.5,C521758644,44733.5,0,C1703221504,0,0,1,0
59,CASH_OUT,44733.5,C1363437677,44733.5,0,C1445811732,2534461.11,2579194.61,1,0
59,TRANSFER,1367340.03,C453950944,1367340.03,0,C1875884022,0,0,1,0
59,CASH_OUT,1367340.03,C954658479,1367340.03,0,C845870432,296833.6,1664173.63,1,0
60,TRANSFER,1026208.84,C1813387968,1026208.84,0,C106857650,0,0,1,0
60,CASH_OUT,1026208.84,C518197295,1026208.84,0,C1560262585,353447.51,1379656.35,1,0
60,TRANSFER,40486.25,C46706219,40486.25,0,C1894539182,0,0,1,0
60,CASH_OUT,40486.25,C1413149184,40486.25,0,C713338583,4716889.9,4757376.15,1,0
60,TRANSFER,89014.32,C1517105060,89014.32,0,C621322132,0,0,1,0
60,CASH_OUT,89014.32,C2128547053,89014.32,0,C2076906949,330651.68,419666,1,0
60,TRANSFER,45807.51,C958487787,45807.51,0,C218393296,0,0,1,0
60,CASH_OUT,45807.51,C981996349,45807.51,0,C1099066639,267824.05,313631.56,1,0
60,TRANSFER,742973.53,C153820103,742973.53,0,C1530694083,0,0,1,0
60,CASH_OUT,742973.53,C261473899,742973.53,0,C897961171,0,742973.53,1,0
60,TRANSFER,581421.85,C1021314422,581421.85,0,C2062695733,0,0,1,0
60,CASH_OUT,581421.85,C1175189548,581421.85,0,C340833561,407848.96,989270.81,1,0
61,TRANSFER,475368.94,C397354505,475368.94,0,C320276503,0,0,1,0
61,CASH_OUT,475368.94,C916986889,475368.94,0,C1738798142,1348026.73,1823395.67,1,0
61,TRANSFER,1735466.52,C182416415,1735466.52,0,C180492809,0,0,1,0
61,CASH_OUT,1735466.52,C319563760,1735466.52,0,C2133088178,0,1735466.52,1,0
61,TRANSFER,37720.99,C2113787126,37720.99,0,C2003052554,0,0,1,0
61,CASH_OUT,37720.99,C188991252,37720.99,0,C308006848,288804.07,326525.06,1,0
61,TRANSFER,1372301.24,C1544506396,1372301.24,0,C2060264943,0,0,1,0
61,CASH_OUT,1372301.24,C1024969195,1372301.24,0,C1809017437,0,1372301.24,1,0
61,TRANSFER,332138.32,C729983243,332138.32,0,C246124153,0,0,1,0
61,CASH_OUT,332138.32,C520847673,332138.32,0,C362089456,52021.34,384159.66,1,0
61,TRANSFER,55062.46,C960647528,55062.46,0,C1203056408,0,0,1,0
61,CASH_OUT,55062.46,C983142202,55062.46,0,C204026282,0,55062.46,1,0
61,TRANSFER,1155128.91,C74298259,1155128.91,0,C1317404545,0,0,1,0
61,CASH_OUT,1155128.91,C1202518126,1155128.91,0,C1162744412,0,1155128.91,1,0
62,TRANSFER,401529.35,C330207825,401529.35,0,C1825454306,0,0,1,0
62,CASH_OUT,401529.35,C570967174,401529.35,0,C1845869240,4162.42,405691.77,1,0
62,TRANSFER,722380.88,C1429215839,722380.88,0,C1401928307,0,0,1,0
62,CASH_OUT,722380.88,C207317063,722380.88,0,C1419788780,331969.08,1054349.95,1,0
62,TRANSFER,724414.43,C1803571079,724414.43,0,C1642306592,0,0,1,0
62,CASH_OUT,724414.43,C189532677,724414.43,0,C741569434,223853.38,948267.81,1,0
62,TRANSFER,407833.62,C1585122257,407833.62,0,C645113065,0,0,1,0
62,CASH_OUT,407833.62,C162879753,407833.62,0,C1818870755,0,407833.62,1,0
63,TRANSFER,148188.84,C1621152719,148188.84,0,C2001263601,0,0,1,0
63,CASH_OUT,148188.84,C198701564,148188.84,0,C492308077,194134.25,342323.08,1,0
63,TRANSFER,1693962.01,C279016627,1693962.01,0,C234112724,0,0,1,0
63,CASH_OUT,1693962.01,C1268276273,1693962.01,0,C959205237,98505.53,1792467.54,1,0
63,TRANSFER,14017.38,C156009552,14017.38,0,C2090793760,0,0,1,0
63,CASH_OUT,14017.38,C1076609671,14017.38,0,C1903932056,0,14017.38,1,0
63,TRANSFER,197226.65,C1538536157,197226.65,0,C1896614473,0,0,1,0
63,CASH_OUT,197226.65,C1388614734,197226.65,0,C693288034,0,197226.65,1,0
64,TRANSFER,31574.65,C1061680194,31574.65,0,C2009518683,0,0,1,0
64,CASH_OUT,31574.65,C568731351,31574.65,0,C329030670,199385.83,230960.48,1,0
64,TRANSFER,37796.75,C1530845932,37796.75,0,C2125159934,0,0,1,0
64,CASH_OUT,37796.75,C758006561,37796.75,0,C2079728909,211905.39,249702.14,1,0
64,TRANSFER,17051.69,C759912226,17051.69,0,C287309829,0,0,1,0
64,CASH_OUT,17051.69,C1032527042,17051.69,0,C317596259,289129.2,306180.89,1,0
64,TRANSFER,960306.85,C273631269,960306.85,0,C1035103148,0,0,1,0
64,CASH_OUT,960306.85,C1336358470,960306.85,0,C89588966,0,960306.85,1,0
64,TRANSFER,3097121.75,C941791959,3097121.75,0,C1945517835,0,0,1,0
64,CASH_OUT,3097121.75,C1563094045,3097121.75,0,C1677375515,0,3097121.75,1,0
64,TRANSFER,436317.49,C927898109,436317.49,0,C542075780,0,0,1,0
64,CASH_OUT,436317.49,C1101896788,436317.49,0,C641861955,195948.3,632265.79,1,0
64,TRANSFER,104957.85,C1844789908,104957.85,0,C2049190094,0,0,1,0
64,CASH_OUT,104957.85,C1731531059,104957.85,0,C621663353,29237.79,134195.64,1,0
64,TRANSFER,841052.98,C1837436553,841052.98,0,C611839321,0,0,1,0
64,CASH_OUT,841052.98,C1776675634,841052.98,0,C1757751807,0,841052.98,1,0
64,TRANSFER,1814483.97,C1198248537,1814483.97,0,C29406343,0,0,1,0
64,CASH_OUT,1814483.97,C1694539503,1814483.97,0,C1906797318,0,1814483.97,1,0
65,TRANSFER,701168.78,C1422133318,701168.78,0,C548676992,0,0,1,0
65,CASH_OUT,701168.78,C1795901064,701168.78,0,C1652576276,841462.58,1542631.35,1,0
65,TRANSFER,446032.95,C1116093088,446032.95,0,C506992553,0,0,1,0
65,CASH_OUT,446032.95,C289101217,446032.95,0,C514505298,205977.41,652010.36,1,0
65,TRANSFER,385556.82,C1699346936,385556.82,0,C27494611,0,0,1,0
65,CASH_OUT,385556.82,C1422380255,385556.82,0,C947026739,60032.11,445588.93,1,0
65,TRANSFER,3760068.04,C661110749,3760068.04,0,C90361142,0,0,1,0
65,CASH_OUT,3760068.04,C1824157901,3760068.04,0,C675598051,622555.65,4382623.69,1,0
65,TRANSFER,1282971.57,C1175896731,1282971.57,0,C1714931087,0,0,1,0
65,CASH_OUT,1282971.57,C744316850,1282971.57,0,C1365960800,392604.6,1675576.17,1,0
65,TRANSFER,881811.11,C920552627,881811.11,0,C1105243161,0,0,1,0
65,CASH_OUT,881811.11,C157136573,881811.11,0,C882992570,141736.75,1023547.85,1,0
65,TRANSFER,174923.28,C2041556759,174923.28,0,C1497527382,0,0,1,0
65,CASH_OUT,174923.28,C1061805919,174923.28,0,C1217320472,0,174923.28,1,0
65,TRANSFER,403975.39,C2112892697,403975.39,0,C1785871119,0,0,1,0
65,CASH_OUT,403975.39,C435979844,403975.39,0,C29687546,0,403975.39,1,0
65,TRANSFER,126690.14,C498025851,126690.14,0,C892311426,0,0,1,0
65,CASH_OUT,126690.14,C1827521206,126690.14,0,C1015650621,353834.29,480524.43,1,0
65,TRANSFER,215.83,C270115029,215.83,0,C1574358644,0,0,1,0
65,CASH_OUT,215.83,C1831520820,215.83,0,C331175512,3563442.24,3563658.07,1,0
66,TRANSFER,548269.98,C172609143,548269.98,0,C106756368,0,0,1,0
66,CASH_OUT,548269.98,C145966586,548269.98,0,C979594589,0,548269.98,1,0
66,TRANSFER,150405.2,C1433490225,150405.2,0,C1414864266,0,0,1,0
66,CASH_OUT,150405.2,C1857116353,150405.2,0,C690687822,170707.62,321112.82,1,0
66,TRANSFER,813133.35,C718215446,813133.35,0,C1200993280,0,0,1,0
66,CASH_OUT,813133.35,C952177952,813133.35,0,C884699340,0,813133.35,1,0
66,TRANSFER,2096634.43,C1735799250,2096634.43,0,C106378482,0,0,1,0
66,CASH_OUT,2096634.43,C65342125,2096634.43,0,C282355647,183429.98,2280064.41,1,0
66,TRANSFER,272791.44,C476640492,272791.44,0,C1370530926,0,0,1,0
66,CASH_OUT,272791.44,C1671353324,272791.44,0,C1524911570,715267.02,988058.46,1,0
66,TRANSFER,7169129.94,C1016521533,7169129.94,0,C475877892,0,0,1,0
66,CASH_OUT,7169129.94,C877157675,7169129.94,0,C357180483,0,7169129.94,1,0
66,TRANSFER,107188.41,C1876689114,107188.41,0,C1824138036,0,0,1,0
66,CASH_OUT,107188.41,C2059976574,107188.41,0,C1021456304,696135.43,803323.83,1,0
66,TRANSFER,3444943.59,C1900819473,3444943.59,0,C526266879,0,0,1,0
66,CASH_OUT,3444943.59,C127639062,3444943.59,0,C1426710143,217174.65,3662118.24,1,0
66,TRANSFER,126715.84,C147756271,126715.84,0,C650234869,0,0,1,0
66,CASH_OUT,126715.84,C935524807,126715.84,0,C1309332634,273157.93,399873.77,1,0
66,TRANSFER,4631432.03,C658423698,4631432.03,0,C329899379,0,0,1,0
66,CASH_OUT,4631432.03,C2089741901,4631432.03,0,C434503423,122727.22,4754159.25,1,0
66,TRANSFER,2322909.69,C1795295,2322909.69,0,C658604431,0,0,1,0
66,CASH_OUT,2322909.69,C548911578,2322909.69,0,C1075176822,875613.05,3198522.74,1,0
66,TRANSFER,79441.66,C1915179121,79441.66,0,C36534041,0,0,1,0
66,CASH_OUT,79441.66,C2043684094,79441.66,0,C795372753,2051790.44,2131232.1,1,0
67,TRANSFER,1028326.5,C582388359,1028326.5,0,C641615589,0,0,1,0
67,CASH_OUT,1028326.5,C1062379106,1028326.5,0,C1316357800,0,1028326.5,1,0
67,TRANSFER,42513.08,C2009003297,42513.08,0,C1459842129,0,0,1,0
67,CASH_OUT,42513.08,C263309564,42513.08,0,C1511183581,0,42513.08,1,0
67,TRANSFER,106460.7,C432380223,106460.7,0,C1583623584,0,0,1,0
67,CASH_OUT,106460.7,C844080619,106460.7,0,C597435768,1414263.15,1520723.84,1,0
68,TRANSFER,915266.65,C1936471789,915266.65,0,C844650878,0,0,1,0
68,CASH_OUT,915266.65,C347823837,915266.65,0,C535285535,2415414.35,3330681,1,0
68,TRANSFER,5800988.12,C1770441952,5800988.12,0,C1228502814,0,0,1,0
68,CASH_OUT,5800988.12,C1232837961,5800988.12,0,C1664538299,0,5800988.12,1,0
68,TRANSFER,1858515.57,C1530003925,1858515.57,0,C1195646619,0,0,1,0
68,CASH_OUT,1858515.57,C355594712,1858515.57,0,C1163824069,887595.71,2746111.29,1,0
68,TRANSFER,3512572.72,C1585059557,3512572.72,0,C1250942546,0,0,1,0
68,CASH_OUT,3512572.72,C451243683,3512572.72,0,C958253769,111846.62,3624419.34,1,0
68,TRANSFER,374178.28,C486342629,374178.28,0,C249139572,0,0,1,0
68,CASH_OUT,374178.28,C712970778,374178.28,0,C44247024,616364.57,990542.85,1,0
68,TRANSFER,2026529.56,C607970446,2026529.56,0,C1306842666,0,0,1,0
68,CASH_OUT,2026529.56,C354227932,2026529.56,0,C467042735,511526.05,2538055.62,1,0
68,TRANSFER,13890.42,C1860550733,13890.42,0,C731457880,0,0,1,0
68,CASH_OUT,13890.42,C1020850249,13890.42,0,C381876590,0,13890.42,1,0
68,TRANSFER,281743.12,C2139323336,281743.12,0,C1787061281,0,0,1,0
68,CASH_OUT,281743.12,C47524114,281743.12,0,C645628840,158099.98,439843.09,1,0
68,TRANSFER,157494.6,C1123186349,157494.6,0,C1729475937,0,0,1,0
68,CASH_OUT,157494.6,C961780738,157494.6,0,C1786351253,509029.31,666523.92,1,0
69,TRANSFER,19776.71,C1567288795,19776.71,0,C1978402788,0,0,1,0
69,CASH_OUT,19776.71,C1994183389,19776.71,0,C366927459,1138941.53,1158718.24,1,0
69,TRANSFER,271731.05,C659199413,271731.05,0,C1444079719,0,0,1,0
69,CASH_OUT,271731.05,C48017106,271731.05,0,C1750307657,0,271731.05,1,0
69,TRANSFER,7728992.56,C139632487,7728992.56,0,C1966690861,0,0,1,0
69,CASH_OUT,7728992.56,C403242634,7728992.56,0,C61990291,340622.45,8069615,1,0
69,TRANSFER,175328.85,C1805399811,175328.85,0,C1422711438,0,0,1,0
69,CASH_OUT,175328.85,C215072412,175328.85,0,C386798101,110129.95,285458.8,1,0
69,TRANSFER,353313.55,C275034566,353313.55,0,C782534893,0,0,1,0
69,CASH_OUT,353313.55,C1330110958,353313.55,0,C857281092,2808260.05,3161573.6,1,0
69,TRANSFER,582571.87,C1164571434,582571.87,0,C895361185,0,0,1,0
69,CASH_OUT,582571.87,C1154322501,582571.87,0,C1687580441,0,582571.87,1,0
69,TRANSFER,2960254.17,C833989982,2960254.17,0,C1897067419,0,0,1,0
69,CASH_OUT,2960254.17,C262990065,2960254.17,0,C1242379975,620822.89,3581077.07,1,0
69,TRANSFER,5521483.54,C505397169,5521483.54,0,C599233021,0,0,1,0
69,CASH_OUT,5521483.54,C1786386487,5521483.54,0,C1454031203,5527212.34,1.10E+07,1,0
69,TRANSFER,2147778.33,C1991870331,2147778.33,0,C501280303,0,0,1,0
69,CASH_OUT,2147778.33,C515510845,2147778.33,0,C415699959,0,2147778.33,1,0
69,TRANSFER,967954.01,C2109457516,967954.01,0,C908864570,0,0,1,0
69,CASH_OUT,967954.01,C1195032652,967954.01,0,C1367255869,0,967954.01,1,0
70,TRANSFER,266766.78,C2105673103,266766.78,0,C98079296,0,0,1,0
70,CASH_OUT,266766.78,C862440440,266766.78,0,C167070759,0,266766.78,1,0
70,TRANSFER,1036789.41,C282915164,1036789.41,0,C672400159,0,0,1,0
70,CASH_OUT,1036789.41,C32861099,1036789.41,0,C1594778194,523315.63,1560105.04,1,0
70,TRANSFER,167067.78,C1823914087,167067.78,0,C1052777709,0,0,1,0
70,CASH_OUT,167067.78,C1636013570,167067.78,0,C2066003164,169160.19,336227.97,1,0
71,TRANSFER,322113.91,C1765119291,322113.91,0,C371379583,0,0,1,0
71,CASH_OUT,322113.91,C1982559118,322113.91,0,C1018969803,0,322113.91,1,0
71,TRANSFER,91691.75,C1715084286,91691.75,0,C415375205,0,0,1,0
71,CASH_OUT,91691.75,C1841119507,91691.75,0,C1966998418,329117.96,420809.71,1,0
71,TRANSFER,1871553.73,C677678546,1871553.73,0,C646623849,0,0,1,0
71,CASH_OUT,1871553.73,C92154963,1871553.73,0,C1037207091,0,1871553.73,1,0
71,TRANSFER,2949339.09,C866984681,2949339.09,0,C1857536723,0,0,1,0
71,CASH_OUT,2949339.09,C874465366,2949339.09,0,C1545590429,167663.32,3117002.41,1,0
71,TRANSFER,479892.04,C949573914,479892.04,0,C346346824,0,0,1,0
71,CASH_OUT,479892.04,C1282533102,479892.04,0,C672637887,1600079.29,2079971.33,1,0
71,TRANSFER,304085.48,C378617827,304085.48,0,C1265131322,0,0,1,0
71,CASH_OUT,304085.48,C1476565151,304085.48,0,C1637975724,152325.14,456410.63,1,0
71,TRANSFER,14385.54,C706829068,14385.54,0,C1684593692,0,0,1,0
71,CASH_OUT,14385.54,C1772396080,14385.54,0,C257338994,28309.09,42694.63,1,0
71,TRANSFER,62091.44,C1985338048,62091.44,0,C1366367431,0,0,1,0
71,CASH_OUT,62091.44,C979329781,62091.44,0,C1938348365,6296058.91,6358150.35,1,0
71,TRANSFER,386996.34,C436643721,386996.34,0,C295403005,0,0,1,0
71,CASH_OUT,386996.34,C1461649383,386996.34,0,C798055687,512943.11,899939.45,1,0
71,TRANSFER,345526.4,C264616990,345526.4,0,C1955514169,0,0,1,0
71,CASH_OUT,345526.4,C1313615833,345526.4,0,C475338087,210291.99,555818.38,1,0
72,TRANSFER,2947783.87,C1641673590,2947783.87,0,C227659861,0,0,1,0
72,CASH_OUT,2947783.87,C1092143469,2947783.87,0,C528593406,353246.54,3301030.4,1,0
72,TRANSFER,730574.39,C1671411740,730574.39,0,C2033875224,0,0,1,0
72,CASH_OUT,730574.39,C1283613009,730574.39,0,C1291527211,183897.18,914471.57,1,0
72,TRANSFER,3786438.03,C1659791860,3786438.03,0,C199886377,0,0,1,0
72,CASH_OUT,3786438.03,C1706727269,3786438.03,0,C98727471,84013.26,3870451.29,1,0
72,TRANSFER,622235.32,C2071698582,622235.32,0,C1036746993,0,0,1,0
72,CASH_OUT,622235.32,C615309889,622235.32,0,C755984599,3377968.96,4000204.28,1,0
72,TRANSFER,3243092.91,C891068137,3243092.91,0,C177386089,0,0,1,0
72,CASH_OUT,3243092.91,C78395024,3243092.91,0,C1981613973,1299786.59,4542879.5,1,0
72,TRANSFER,1.00E+07,C53057884,1.86E+07,8594065.09,C588547519,0,0,1,0
72,CASH_OUT,1.00E+07,C1438388258,1.00E+07,0,C1089455271,81810.42,1.01E+07,1,0
72,TRANSFER,8594065.09,C1801750044,8594065.09,0,C1420708952,0,0,1,0
72,CASH_OUT,8594065.09,C1456711816,8594065.09,0,C1231373551,5844.51,8599909.6,1,0
73,TRANSFER,12619.29,C427763831,12619.29,0,C1394804033,0,0,1,0
73,CASH_OUT,12619.29,C754386554,12619.29,0,C1470379039,204470.03,217089.31,1,0
73,TRANSFER,193663.9,C1668034974,193663.9,0,C1048930255,0,0,1,0
73,CASH_OUT,193663.9,C682644115,193663.9,0,C242591003,0,193663.9,1,0
73,TRANSFER,684796.16,C1223486306,684796.16,0,C964592362,0,0,1,0
73,CASH_OUT,684796.16,C1555882195,684796.16,0,C644163395,2754453.54,3439249.7,1,0
73,TRANSFER,400157.86,C1591659035,400157.86,0,C1490141777,0,0,1,0
73,CASH_OUT,400157.86,C1959804825,400157.86,0,C1005460442,0,400157.86,1,0
74,TRANSFER,4375931.29,C775816840,4375931.29,0,C1539861914,0,0,1,0
74,CASH_OUT,4375931.29,C367894534,4375931.29,0,C397644656,68494.86,4444426.16,1,0
74,TRANSFER,74177.92,C1294027751,74177.92,0,C1027008059,0,0,1,0
74,CASH_OUT,74177.92,C146952243,74177.92,0,C570435842,79018.51,153196.43,1,0
74,TRANSFER,59127.34,C1444290021,59127.34,0,C959470338,0,0,1,0
74,CASH_OUT,59127.34,C780368561,59127.34,0,C1227289239,17207.02,76334.36,1,0
74,TRANSFER,2451423.58,C554032564,2451423.58,0,C1773822709,0,0,1,0
74,CASH_OUT,2451423.58,C1267904754,2451423.58,0,C858620596,4870.65,2456294.22,1,0
74,TRANSFER,59813.61,C1934910898,59813.61,0,C547328121,0,0,1,0
74,CASH_OUT,59813.61,C1784961866,59813.61,0,C1245192492,0,59813.61,1,0
74,TRANSFER,158489.29,C1694745551,158489.29,0,C43669214,0,0,1,0
74,CASH_OUT,158489.29,C1003023037,158489.29,0,C1969565765,0,158489.29,1,0
74,TRANSFER,85637.08,C1809932675,85637.08,0,C1098977292,0,0,1,0
74,CASH_OUT,85637.08,C588765630,85637.08,0,C766485430,235137.06,320774.13,1,0
74,TRANSFER,1311150.9,C1492220840,1311150.9,0,C839360691,0,0,1,0
74,CASH_OUT,1311150.9,C605093641,1311150.9,0,C721605153,0,1311150.9,1,0
74,TRANSFER,4582074.51,C1151172465,4582074.51,0,C2088124795,0,0,1,0
74,CASH_OUT,4582074.51,C1507497077,4582074.51,0,C910594371,154034.94,4736109.45,1,0
74,TRANSFER,455074.13,C178620637,455074.13,0,C479353061,0,0,1,0
74,CASH_OUT,455074.13,C695129655,455074.13,0,C1013511446,9237170.74,9692244.86,1,0
74,TRANSFER,3284197.88,C103236252,3284197.88,0,C1710384366,0,0,1,0
74,CASH_OUT,3284197.88,C198379281,3284197.88,0,C857746237,200942.08,3485139.96,1,0
75,TRANSFER,810039.19,C756454870,810039.19,0,C1095120189,0,0,1,0
75,CASH_OUT,810039.19,C1922445613,810039.19,0,C461145537,409035.12,1219074.31,1,0
75,TRANSFER,959018.79,C1318698561,959018.79,0,C2115087067,0,0,1,0
75,CASH_OUT,959018.79,C1566688012,959018.79,0,C1361631138,0,959018.79,1,0
75,TRANSFER,755813.12,C1153451347,755813.12,0,C450761826,0,0,1,0
75,CASH_OUT,755813.12,C127671231,755813.12,0,C974221574,494575.27,1250388.38,1,0
75,TRANSFER,460436.43,C1935083121,460436.43,0,C83154619,0,0,1,0
75,CASH_OUT,460436.43,C568175103,460436.43,0,C283083073,0,460436.43,1,0
76,TRANSFER,9917.27,C1267158518,9917.27,0,C1985253789,0,0,1,0
76,CASH_OUT,9917.27,C1776957208,9917.27,0,C776312807,408610.64,418527.91,1,0
76,TRANSFER,2066446.27,C1668561632,2066446.27,0,C575000794,0,0,1,0
76,CASH_OUT,2066446.27,C725597637,2066446.27,0,C157857444,423086.94,2489533.21,1,0
77,TRANSFER,819048.34,C1528612318,819048.34,0,C669563371,0,0,1,0
77,CASH_OUT,819048.34,C48810852,819048.34,0,C1460010933,1104098.69,1923147.03,1,0
77,TRANSFER,9039246.82,C1074348771,9039246.82,0,C306278286,0,0,1,0
77,CASH_OUT,9039246.82,C378412722,9039246.82,0,C802151575,464686.69,9503933.51,1,0
77,TRANSFER,239473.85,C729877384,239473.85,0,C1610940627,0,0,1,0
77,CASH_OUT,239473.85,C1878410871,239473.85,0,C891884680,729245.09,968718.94,1,0
77,TRANSFER,5715004.3,C958168241,5715004.3,0,C1700925232,0,0,1,0
77,CASH_OUT,5715004.3,C1519833841,5715004.3,0,C1856760155,318309.23,6033313.53,1,0
77,TRANSFER,2149976.69,C1907685273,2149976.69,0,C2107203461,0,0,1,0
77,CASH_OUT,2149976.69,C1519673706,2149976.69,0,C1396705699,0,2149976.69,1,0
78,TRANSFER,1321091.25,C3630973,1321091.25,0,C1609262789,0,0,1,0
78,CASH_OUT,1321091.25,C1817853136,1321091.25,0,C1040572676,0,1321091.25,1,0
78,TRANSFER,113829.89,C973342461,113829.89,0,C631818291,0,0,1,0
78,CASH_OUT,113829.89,C1130541030,113829.89,0,C50502894,0,113829.89,1,0
78,TRANSFER,178569.48,C282621115,178569.48,0,C2027238520,0,0,1,0
78,CASH_OUT,178569.48,C395825139,178569.48,0,C1241208981,263128.53,441698.01,1,0
78,TRANSFER,1735647.47,C32677445,1735647.47,0,C154560289,0,0,1,0
78,CASH_OUT,1735647.47,C1347258113,1735647.47,0,C169356853,0,1735647.47,1,0
78,TRANSFER,2254934.36,C65227807,2254934.36,0,C213999906,0,0,1,0
78,CASH_OUT,2254934.36,C706933703,2254934.36,0,C273430415,364128.61,2619062.97,1,0
79,TRANSFER,353045.35,C1325126961,353045.35,0,C1068974192,0,0,1,0
79,CASH_OUT,353045.35,C1947418069,353045.35,0,C615914680,981978.74,1335024.09,1,0
79,TRANSFER,1619331.51,C144675030,1619331.51,0,C660991644,0,0,1,0
79,CASH_OUT,1619331.51,C1899697178,1619331.51,0,C553920581,0,1619331.51,1,0
79,TRANSFER,61178.51,C1635325265,61178.51,0,C1782100943,0,0,1,0
79,CASH_OUT,61178.51,C216625470,61178.51,0,C1897901588,238787.35,299965.86,1,0
79,TRANSFER,664992.86,C2021935445,664992.86,0,C332249974,0,0,1,0
79,CASH_OUT,664992.86,C1370888603,664992.86,0,C1110499013,769363.38,1434356.23,1,0
79,TRANSFER,432254.84,C2026655073,432254.84,0,C524492169,0,0,1,0
79,CASH_OUT,432254.84,C1072407495,432254.84,0,C577652704,1300115.81,1732370.65,1,0
80,TRANSFER,42659.39,C1702857614,42659.39,0,C952860391,0,0,1,0
80,CASH_OUT,42659.39,C73677947,42659.39,0,C1626691330,173558.43,216217.82,1,0
80,TRANSFER,173782.59,C517594835,173782.59,0,C1448192965,0,0,1,0
80,CASH_OUT,173782.59,C2085532500,173782.59,0,C1628486398,3272453.63,3446236.22,1,0
80,TRANSFER,62134.33,C1710515368,62134.33,0,C1582805529,0,0,1,0
80,CASH_OUT,62134.33,C1079384969,62134.33,0,C1087953881,509204.33,571338.66,1,0
80,TRANSFER,972920.87,C279538198,972920.87,0,C1842012952,0,0,1,0
80,CASH_OUT,972920.87,C427077444,972920.87,0,C1033887610,21030.1,993950.97,1,0
80,TRANSFER,244814.12,C2138181348,244814.12,0,C1608735206,0,0,1,0
80,CASH_OUT,244814.12,C696147355,244814.12,0,C1941798570,7106855.47,7351669.59,1,0
81,TRANSFER,82527.13,C538871976,82527.13,0,C1208558259,0,0,1,0
81,CASH_OUT,82527.13,C728143038,82527.13,0,C1407664911,397267.85,479794.98,1,0
81,TRANSFER,78028.89,C1141684760,78028.89,0,C1203351352,0,0,1,0
81,CASH_OUT,78028.89,C524658055,78028.89,0,C200964845,473519.42,551548.31,1,0
81,TRANSFER,2737766.8,C1263150351,2737766.8,0,C61517319,0,0,1,0
81,CASH_OUT,2737766.8,C1419156412,2737766.8,0,C31490801,0,2737766.8,1,0
81,TRANSFER,1980800.05,C1249942022,1980800.05,0,C1969956684,0,0,1,0
81,CASH_OUT,1980800.05,C1774788670,1980800.05,0,C824562042,1779203.4,3760003.46,1,0
81,TRANSFER,221936.6,C238307313,221936.6,0,C1029951793,0,0,1,0
81,CASH_OUT,221936.6,C1587954748,221936.6,0,C1439182488,1811.03,223747.62,1,0
82,TRANSFER,5338583.38,C194251863,5338583.38,0,C280536388,0,0,1,0
82,CASH_OUT,5338583.38,C1913306809,5338583.38,0,C343563320,31250.62,5369834,1,0
82,TRANSFER,1534985.07,C1000937208,1534985.07,0,C1880907151,0,0,1,0
82,CASH_OUT,1534985.07,C911734420,1534985.07,0,C1953014312,0,1534985.07,1,0
82,TRANSFER,45077.1,C495624893,45077.1,0,C939460136,0,0,1,0
82,CASH_OUT,45077.1,C978467011,45077.1,0,C809689507,126262.18,171339.29,1,0
82,TRANSFER,1.00E+07,C1237313447,1.10E+07,987591.59,C1468356154,0,0,1,0
82,CASH_OUT,1.00E+07,C1079335762,1.00E+07,0,C615227407,373274.84,1.04E+07,1,0
82,TRANSFER,987591.59,C134383279,987591.59,0,C1363477592,0,0,1,0
82,CASH_OUT,987591.59,C599597900,987591.59,0,C886672232,0,987591.59,1,0
83,TRANSFER,1534926.96,C358852719,1534926.96,0,C361327171,0,0,1,0
83,CASH_OUT,1534926.96,C341046619,1534926.96,0,C1149435896,0,1534926.96,1,0
83,TRANSFER,594577.22,C2038871800,594577.22,0,C699011744,0,0,1,0
83,CASH_OUT,594577.22,C422847899,594577.22,0,C52390890,685106.85,1279684.07,1,0
83,TRANSFER,24412.07,C287098370,24412.07,0,C905119100,0,0,1,0
83,CASH_OUT,24412.07,C451805271,24412.07,0,C75671301,1564103.49,1588515.56,1,0
83,TRANSFER,286769.07,C1444107396,286769.07,0,C1562027253,0,0,1,0
83,CASH_OUT,286769.07,C1848884000,286769.07,0,C376115864,0,286769.07,1,0
83,TRANSFER,365099.76,C426265650,365099.76,0,C2019200762,0,0,1,0
83,CASH_OUT,365099.76,C1936595952,365099.76,0,C1416319101,32745.23,397844.99,1,0
83,TRANSFER,2498370.12,C1058391661,2498370.12,0,C167823915,0,0,1,0
83,CASH_OUT,2498370.12,C1275891732,2498370.12,0,C989926584,2343446.74,4841816.86,1,0
84,TRANSFER,8380.79,C392060027,8380.79,0,C45705350,0,0,1,0
84,CASH_OUT,8380.79,C342648059,8380.79,0,C825022387,0,8380.79,1,0
84,TRANSFER,2627070.5,C98299573,2627070.5,0,C323116662,0,0,1,0
84,CASH_OUT,2627070.5,C771703338,2627070.5,0,C1350764838,463083.63,3090154.12,1,0
84,TRANSFER,39379.45,C1110566935,39379.45,0,C1210547818,0,0,1,0
84,CASH_OUT,39379.45,C743472915,39379.45,0,C165832169,188532.97,227912.43,1,0
84,TRANSFER,296349.8,C1660861590,296349.8,0,C852926396,0,0,1,0
84,CASH_OUT,296349.8,C1518895613,296349.8,0,C315643365,0,296349.8,1,0
84,TRANSFER,152331.26,C397720555,152331.26,0,C1006668962,0,0,1,0
84,CASH_OUT,152331.26,C942925545,152331.26,0,C1633587807,676868.23,829199.49,1,0
84,TRANSFER,1.00E+07,C792651637,1.48E+07,4830219.15,C397396936,0,0,1,0
84,CASH_OUT,1.00E+07,C824646662,1.00E+07,0,C1917849910,0,1.00E+07,1,0
84,TRANSFER,4830219.15,C58626602,4830219.15,0,C1366192319,0,0,1,0
84,CASH_OUT,4830219.15,C610088962,4830219.15,0,C1925322228,0,4830219.15,1,0
84,TRANSFER,351912.04,C2080405171,351912.04,0,C1544738688,0,0,1,0
84,CASH_OUT,351912.04,C1976472089,351912.04,0,C920627879,196753.09,548665.13,1,0
85,TRANSFER,64344.59,C47624520,64344.59,0,C572686074,0,0,1,0
85,CASH_OUT,64344.59,C1334187064,64344.59,0,C719763224,0,64344.59,1,0
85,TRANSFER,4094.07,C810305173,4094.07,0,C600417404,0,0,1,0
85,CASH_OUT,4094.07,C823346399,4094.07,0,C1910586925,296534.2,300628.27,1,0
85,TRANSFER,167679.27,C108588868,167679.27,0,C944240643,0,0,1,0
85,CASH_OUT,167679.27,C2032147559,167679.27,0,C599607213,165580.61,333259.88,1,0
85,TRANSFER,678058.75,C722109752,678058.75,0,C43114733,0,0,1,0
85,CASH_OUT,678058.75,C9701690,678058.75,0,C617022852,7175958.36,7854017.11,1,0
85,TRANSFER,1529614.71,C1096275107,1529614.71,0,C541691384,0,0,1,0
85,CASH_OUT,1529614.71,C955071434,1529614.71,0,C865727492,0,1529614.71,1,0
85,TRANSFER,1440705.58,C1202805418,1440705.58,0,C1429653947,0,0,1,0
85,CASH_OUT,1440705.58,C1733056191,1440705.58,0,C1061971573,0,1440705.58,1,0
85,TRANSFER,8924971.59,C406938681,8924971.59,0,C579440834,0,0,1,0
85,CASH_OUT,8924971.59,C1227042704,8924971.59,0,C585705042,59990.3,8984961.89,1,0
86,TRANSFER,305817.12,C1107960128,305817.12,0,C76175380,0,0,1,0
86,CASH_OUT,305817.12,C337026029,305817.12,0,C1022926752,0,305817.12,1,0
86,TRANSFER,1.00E+07,C1843531771,1.89E+07,8931607.89,C632110164,0,0,1,0
86,CASH_OUT,1.00E+07,C538142346,1.00E+07,0,C557678014,0,1.00E+07,1,0
86,TRANSFER,8931607.89,C1230337572,8931607.89,0,C720836200,0,0,1,0
86,CASH_OUT,8931607.89,C849209216,8931607.89,0,C754619416,141515.57,9073123.46,1,0
86,TRANSFER,21829.31,C1342024703,21829.31,0,C1828683068,0,0,1,0
86,CASH_OUT,21829.31,C1952555964,21829.31,0,C1702948277,357009.54,378838.85,1,0
86,TRANSFER,6972164.97,C384245570,6972164.97,0,C898480186,0,0,1,0
86,CASH_OUT,6972164.97,C1268472825,6972164.97,0,C2126149202,5680.28,6977845.25,1,0
86,TRANSFER,17822.02,C1763423014,17822.02,0,C2088891396,0,0,1,0
86,CASH_OUT,17822.02,C270438906,17822.02,0,C976082192,2619609.53,2637431.55,1,0
86,TRANSFER,88649.1,C1043173812,88649.1,0,C1425524479,0,0,1,0
86,CASH_OUT,88649.1,C796414235,88649.1,0,C1743229382,2239755.86,2328404.96,1,0
86,TRANSFER,372344.58,C466502993,372344.58,0,C1376830476,0,0,1,0
86,CASH_OUT,372344.58,C2134607507,372344.58,0,C950019767,0,372344.58,1,0
86,TRANSFER,72547.29,C759761137,72547.29,0,C1046167270,0,0,1,0
86,CASH_OUT,72547.29,C1087665354,72547.29,0,C121215038,79736.28,152283.57,1,0
87,TRANSFER,114339.1,C702109004,114339.1,0,C1385287774,0,0,1,0
87,CASH_OUT,114339.1,C183849466,114339.1,0,C1798936808,41413.23,155752.33,1,0
87,TRANSFER,1083860.21,C1872678613,1083860.21,0,C1669827303,0,0,1,0
87,CASH_OUT,1083860.21,C202343880,1083860.21,0,C1389958255,0,1083860.21,1,0
87,TRANSFER,115461.48,C1864352304,115461.48,0,C238575749,0,0,1,0
87,CASH_OUT,115461.48,C1329935528,115461.48,0,C1434520582,21619.28,137080.75,1,0
88,TRANSFER,9345700.07,C1453976647,9345700.07,0,C1454683123,0,0,1,0
88,CASH_OUT,9345700.07,C399518124,9345700.07,0,C2125071302,8922060.43,1.83E+07,1,0
88,TRANSFER,337994.64,C425422557,337994.64,0,C1375508405,0,0,1,0
88,CASH_OUT,337994.64,C889382301,337994.64,0,C3107126,0,337994.64,1,0
88,TRANSFER,4022408.76,C743505070,4022408.76,0,C1234529860,0,0,1,0
88,CASH_OUT,4022408.76,C987446721,4022408.76,0,C1981613973,4542879.5,8565288.26,1,0
88,TRANSFER,3607917.73,C2016707009,3607917.73,0,C1883647961,0,0,1,0
88,CASH_OUT,3607917.73,C1513663831,3607917.73,0,C1935735129,8391754.13,1.20E+07,1,0
89,TRANSFER,766631.82,C112075481,766631.82,0,C1906745138,0,0,1,0
89,CASH_OUT,766631.82,C876716683,766631.82,0,C1473416514,0,766631.82,1,0
89,TRANSFER,43928.31,C1832804428,43928.31,0,C1373339236,0,0,1,0
89,CASH_OUT,43928.31,C2129914105,43928.31,0,C170080123,0,43928.31,1,0
89,TRANSFER,268230.43,C163362068,268230.43,0,C2101762472,0,0,1,0
89,CASH_OUT,268230.43,C810552146,268230.43,0,C400913352,0,268230.43,1,0
90,TRANSFER,1182557.97,C787624212,1182557.97,0,C707993034,0,0,1,0
90,CASH_OUT,1182557.97,C1336389651,1182557.97,0,C4347362,141273.74,1323831.71,1,0
90,TRANSFER,113309.55,C20934995,113309.55,0,C601864422,0,0,1,0
90,CASH_OUT,113309.55,C1936469791,113309.55,0,C471979620,0,113309.55,1,0
90,TRANSFER,703833.48,C199695016,703833.48,0,C1584778754,0,0,1,0
90,CASH_OUT,703833.48,C973257095,703833.48,0,C782817814,0,703833.48,1,0
90,TRANSFER,134515.36,C1087234685,134515.36,0,C271149484,0,0,1,0
90,CASH_OUT,134515.36,C1389046188,134515.36,0,C257288692,29488.06,164003.41,1,0
90,TRANSFER,266746.42,C1640647431,266746.42,0,C1995045376,0,0,1,0
90,CASH_OUT,266746.42,C1311443000,266746.42,0,C1414013313,4433931.77,4700678.19,1,0
90,TRANSFER,7696836.35,C1641731466,7696836.35,0,C290559240,0,0,1,0
90,CASH_OUT,7696836.35,C1784092244,7696836.35,0,C646123724,180993.45,7877829.8,1,0
90,TRANSFER,39664.74,C1509358186,39664.74,0,C2068734277,0,0,1,0
90,CASH_OUT,39664.74,C1334465444,39664.74,0,C247088283,0,39664.74,1,0
90,TRANSFER,249791.3,C2018224474,249791.3,0,C1562137241,0,0,1,0
90,CASH_OUT,249791.3,C712828337,249791.3,0,C1973032153,0,249791.3,1,0
91,TRANSFER,921668.95,C1152872254,921668.95,0,C1484049545,0,0,1,0
91,CASH_OUT,921668.95,C1505563519,921668.95,0,C863042157,96395.54,1018064.5,1,0
91,TRANSFER,737285.03,C2082041963,737285.03,0,C484298628,0,0,1,0
91,CASH_OUT,737285.03,C830817076,737285.03,0,C235145980,0,737285.03,1,0
91,TRANSFER,28308.97,C531625667,28308.97,0,C1312031909,0,0,1,0
91,CASH_OUT,28308.97,C1851254039,28308.97,0,C1151857075,0,28308.97,1,0
91,TRANSFER,482679.6,C822183230,482679.6,0,C1393101702,0,0,1,0
91,CASH_OUT,482679.6,C1126237876,482679.6,0,C842293503,0,482679.6,1,0
92,TRANSFER,1461930.03,C593029629,1461930.03,0,C1743578484,0,0,1,0
92,CASH_OUT,1461930.03,C1928781788,1461930.03,0,C1636281428,3762496.73,5224426.76,1,0
92,TRANSFER,271908.4,C1340312777,271908.4,0,C863062485,0,0,1,0
92,CASH_OUT,271908.4,C71055143,271908.4,0,C1732817669,1488088.26,1759996.66,1,0
92,TRANSFER,101903.69,C1615802716,101903.69,0,C1977391812,0,0,1,0
92,CASH_OUT,101903.69,C612571830,101903.69,0,C544677509,280117.63,382021.32,1,0
92,TRANSFER,21574.55,C2002083627,21574.55,0,C1024161943,0,0,1,0
92,CASH_OUT,21574.55,C313908201,21574.55,0,C1295977505,0,21574.55,1,0
92,TRANSFER,19742.71,C199871794,19742.71,0,C1396988344,0,0,1,0
92,CASH_OUT,19742.71,C931340371,19742.71,0,C781083195,2098671.68,2118414.39,1,0
93,TRANSFER,38150.22,C1961802855,38150.22,0,C315895571,0,0,1,0
93,CASH_OUT,38150.22,C458914580,38150.22,0,C1918475530,30220.14,68370.36,1,0
93,TRANSFER,886588.02,C391100177,886588.02,0,C1603792241,0,0,1,0
93,CASH_OUT,886588.02,C700848378,886588.02,0,C1731783280,0,886588.02,1,0
93,TRANSFER,4120.14,C2002472710,4120.14,0,C2023856876,0,0,1,0
93,CASH_OUT,4120.14,C861292985,4120.14,0,C1762318733,0,4120.14,1,0
93,TRANSFER,3206623.39,C1022498421,3206623.39,0,C1697378157,0,0,1,0
93,CASH_OUT,3206623.39,C1011158272,3206623.39,0,C1883340818,3449811.9,6965506.67,1,0
93,TRANSFER,315654.19,C676090557,315654.19,0,C1516512243,0,0,1,0
93,CASH_OUT,315654.19,C137902575,315654.19,0,C1643523023,0,315654.19,1,0
93,TRANSFER,175313.96,C1863782967,175313.96,0,C1170590191,0,0,1,0
93,CASH_OUT,175313.96,C1532820276,175313.96,0,C1326115881,2911229.9,3086543.86,1,0
93,TRANSFER,3723738.06,C1553979696,3723738.06,0,C537828065,0,0,1,0
93,CASH_OUT,3723738.06,C1143980021,3723738.06,0,C1219235880,3216391.21,6940129.27,1,0
93,TRANSFER,269545.63,C1904367873,269545.63,0,C156002993,0,0,1,0
93,CASH_OUT,269545.63,C1309775985,269545.63,0,C1771620140,905690.55,1175236.17,1,0
94,TRANSFER,2169679.91,C358188091,2169679.91,0,C329029721,0,0,1,0
94,CASH_OUT,2169679.91,C395839623,2169679.91,0,C925758982,0,2169679.91,1,0
94,TRANSFER,1454592.61,C708686257,1454592.61,0,C191950817,0,0,1,0
94,CASH_OUT,1454592.61,C824268591,1454592.61,0,C819390198,264042.92,1718635.53,1,0
94,TRANSFER,460635.82,C1586676521,460635.82,0,C94475674,0,0,1,0
94,CASH_OUT,460635.82,C1563063305,460635.82,0,C262427288,544728.69,1005364.51,1,0
94,TRANSFER,2393539.65,C211205523,2393539.65,0,C1430994246,0,0,1,0
94,CASH_OUT,2393539.65,C1767333284,2393539.65,0,C610460069,5157128.07,7550667.73,1,0
94,TRANSFER,445257.43,C1313587911,445257.43,0,C1637506717,0,0,1,0
94,CASH_OUT,445257.43,C1527777491,445257.43,0,C1215602275,0,445257.43,1,0
94,TRANSFER,363378.75,C998593582,363378.75,0,C855256022,0,0,1,0
94,CASH_OUT,363378.75,C1736832400,363378.75,0,C2124923090,3609871.44,3973250.18,1,0
95,TRANSFER,655676.97,C428343058,655676.97,0,C1518840126,0,0,1,0
95,CASH_OUT,655676.97,C1072220674,655676.97,0,C2110200242,53614.28,709291.25,1,0
95,TRANSFER,56745.14,C872526349,56745.14,0,C1824885183,0,0,1,0
95,CASH_OUT,56745.14,C526144262,56745.14,0,C79051264,51433.88,108179.02,1,0
95,TRANSFER,33676.59,C732111322,33676.59,0,C1140210295,0,0,1,0
95,CASH_OUT,33676.59,C1000086512,33676.59,0,C1759363094,0,33676.59,1,0
95,TRANSFER,87999.25,C927181710,87999.25,0,C757947873,0,0,1,0
95,CASH_OUT,87999.25,C409531429,87999.25,0,C1827219533,0,87999.25,1,0